dataset,model,seed,insertion_loss_db_per_mode,accuracy,accuracy_drop_from_clean
circles,proposed,42,0.0,0.966848,0.001152
circles,proposed,42,0.5,0.966501,0.001499
circles,proposed,42,1.0,0.960454,0.007546
circles,proposed,42,1.5,0.954004,0.013996
circles,proposed,42,2.0,0.950198,0.017802
circles,proposed,42,3.0,0.937367,0.030633
circles,proposed,42,4.0,0.926232,0.041768
circles,proposed,42,5.0,0.916261,0.051739
circles,proposed,123,0.0,0.968874,-0.000874
circles,proposed,123,0.5,0.961946,0.006054
circles,proposed,123,1.0,0.958154,0.009846
circles,proposed,123,1.5,0.952589,0.015411
circles,proposed,123,2.0,0.950344,0.017656
circles,proposed,123,3.0,0.937375,0.030625
circles,proposed,123,4.0,0.928118,0.039882
circles,proposed,123,5.0,0.911535,0.056465
circles,proposed,256,0.0,0.964607,0.003393
circles,proposed,256,0.5,0.966438,0.001562
circles,proposed,256,1.0,0.960768,0.007232
circles,proposed,256,1.5,0.952103,0.015897
circles,proposed,256,2.0,0.946993,0.021007
circles,proposed,256,3.0,0.938092,0.029908
circles,proposed,256,4.0,0.926242,0.041758
circles,proposed,256,5.0,0.9132,0.0548
circles,proposed,512,0.0,0.964322,0.003678
circles,proposed,512,0.5,0.964473,0.003527
circles,proposed,512,1.0,0.959615,0.008385
circles,proposed,512,1.5,0.957702,0.010298
circles,proposed,512,2.0,0.948019,0.019981
circles,proposed,512,3.0,0.941457,0.026543
circles,proposed,512,4.0,0.926533,0.041467
circles,proposed,512,5.0,0.915174,0.052826
circles,proposed,1024,0.0,0.967985,1.5e-05
circles,proposed,1024,0.5,0.964717,0.003283
circles,proposed,1024,1.0,0.95992,0.00808
circles,proposed,1024,1.5,0.953498,0.014502
circles,proposed,1024,2.0,0.9507,0.0173
circles,proposed,1024,3.0,0.938038,0.029962
circles,proposed,1024,4.0,0.925572,0.042428
circles,proposed,1024,5.0,0.913706,0.054294
circles,proposed,2024,0.0,0.970611,-0.002611
circles,proposed,2024,0.5,0.968999,-0.000999
circles,proposed,2024,1.0,0.958597,0.009403
circles,proposed,2024,1.5,0.954145,0.013855
circles,proposed,2024,2.0,0.950454,0.017546
circles,proposed,2024,3.0,0.937204,0.030796
circles,proposed,2024,4.0,0.927636,0.040364
circles,proposed,2024,5.0,0.913781,0.054219
circles,proposed,4096,0.0,0.966898,0.001102
circles,proposed,4096,0.5,0.961489,0.006511
circles,proposed,4096,1.0,0.959615,0.008385
circles,proposed,4096,1.5,0.954002,0.013998
circles,proposed,4096,2.0,0.947721,0.020279
circles,proposed,4096,3.0,0.938254,0.029746
circles,proposed,4096,4.0,0.926634,0.041366
circles,proposed,4096,5.0,0.914182,0.053818
circles,proposed,8192,0.0,0.968223,-0.000223
circles,proposed,8192,0.5,0.964363,0.003637
circles,proposed,8192,1.0,0.956117,0.011883
circles,proposed,8192,1.5,0.951031,0.016969
circles,proposed,8192,2.0,0.94892,0.01908
circles,proposed,8192,3.0,0.935783,0.032217
circles,proposed,8192,4.0,0.925177,0.042823
circles,proposed,8192,5.0,0.914199,0.053801
circles,fixed_phase,42,0.0,0.920886,0.00065
circles,fixed_phase,42,0.5,0.912583,0.008953
circles,fixed_phase,42,1.0,0.89978,0.021756
circles,fixed_phase,42,1.5,0.890919,0.030617
circles,fixed_phase,42,2.0,0.875603,0.045933
circles,fixed_phase,42,3.0,0.84753,0.074006
circles,fixed_phase,42,4.0,0.816612,0.104924
circles,fixed_phase,42,5.0,0.783811,0.137725
circles,fixed_phase,123,0.0,0.92361,-0.002074
circles,fixed_phase,123,0.5,0.910852,0.010684
circles,fixed_phase,123,1.0,0.901155,0.020381
circles,fixed_phase,123,1.5,0.888957,0.032579
circles,fixed_phase,123,2.0,0.874635,0.046901
circles,fixed_phase,123,3.0,0.848119,0.073417
circles,fixed_phase,123,4.0,0.816608,0.104928
circles,fixed_phase,123,5.0,0.78261,0.138926
circles,fixed_phase,256,0.0,0.920338,0.001198
circles,fixed_phase,256,0.5,0.912857,0.008679
circles,fixed_phase,256,1.0,0.899966,0.02157
circles,fixed_phase,256,1.5,0.889623,0.031913
circles,fixed_phase,256,2.0,0.874876,0.04666
circles,fixed_phase,256,3.0,0.848477,0.073059
circles,fixed_phase,256,4.0,0.814165,0.107371
circles,fixed_phase,256,5.0,0.782582,0.138954
circles,fixed_phase,512,0.0,0.920984,0.000552
circles,fixed_phase,512,0.5,0.909896,0.01164
circles,fixed_phase,512,1.0,0.898499,0.023037
circles,fixed_phase,512,1.5,0.891707,0.029829
circles,fixed_phase,512,2.0,0.873965,0.047571
circles,fixed_phase,512,3.0,0.848454,0.073082
circles,fixed_phase,512,4.0,0.813955,0.107581
circles,fixed_phase,512,5.0,0.782539,0.138997
circles,fixed_phase,1024,0.0,0.92237,-0.000834
circles,fixed_phase,1024,0.5,0.9132,0.008336
circles,fixed_phase,1024,1.0,0.902169,0.019367
circles,fixed_phase,1024,1.5,0.891707,0.029829
circles,fixed_phase,1024,2.0,0.876268,0.045268
circles,fixed_phase,1024,3.0,0.84775,0.073786
circles,fixed_phase,1024,4.0,0.815369,0.106167
circles,fixed_phase,1024,5.0,0.783184,0.138352
circles,fixed_phase,2024,0.0,0.921542,-6e-06
circles,fixed_phase,2024,0.5,0.914879,0.006657
circles,fixed_phase,2024,1.0,0.903624,0.017912
circles,fixed_phase,2024,1.5,0.891068,0.030468
circles,fixed_phase,2024,2.0,0.874181,0.047355
circles,fixed_phase,2024,3.0,0.850515,0.071021
circles,fixed_phase,2024,4.0,0.817101,0.104435
circles,fixed_phase,2024,5.0,0.783781,0.137755
circles,fixed_phase,4096,0.0,0.91963,0.001906
circles,fixed_phase,4096,0.5,0.911479,0.010057
circles,fixed_phase,4096,1.0,0.902202,0.019334
circles,fixed_phase,4096,1.5,0.88831,0.033226
circles,fixed_phase,4096,2.0,0.875484,0.046052
circles,fixed_phase,4096,3.0,0.848198,0.073338
circles,fixed_phase,4096,4.0,0.817688,0.103848
circles,fixed_phase,4096,5.0,0.784176,0.13736
circles,fixed_phase,8192,0.0,0.921385,0.000151
circles,fixed_phase,8192,0.5,0.911844,0.009692
circles,fixed_phase,8192,1.0,0.902072,0.019464
circles,fixed_phase,8192,1.5,0.887699,0.033837
circles,fixed_phase,8192,2.0,0.878324,0.043212
circles,fixed_phase,8192,3.0,0.846379,0.075157
circles,fixed_phase,8192,4.0,0.818101,0.103435
circles,fixed_phase,8192,5.0,0.784624,0.136912
circles,fixed_amplitude,42,0.0,0.91648,0.000216
circles,fixed_amplitude,42,0.5,0.909305,0.007391
circles,fixed_amplitude,42,1.0,0.894043,0.022653
circles,fixed_amplitude,42,1.5,0.884908,0.031788
circles,fixed_amplitude,42,2.0,0.869675,0.047021
circles,fixed_amplitude,42,3.0,0.838826,0.07787
circles,fixed_amplitude,42,4.0,0.805917,0.110779
circles,fixed_amplitude,42,5.0,0.770349,0.146347
circles,fixed_amplitude,123,0.0,0.917376,-0.00068
circles,fixed_amplitude,123,0.5,0.907455,0.009241
circles,fixed_amplitude,123,1.0,0.89817,0.018526
circles,fixed_amplitude,123,1.5,0.882282,0.034414
circles,fixed_amplitude,123,2.0,0.870354,0.046342
circles,fixed_amplitude,123,3.0,0.839275,0.077421
circles,fixed_amplitude,123,4.0,0.806127,0.110569
circles,fixed_amplitude,123,5.0,0.768632,0.148064
circles,fixed_amplitude,256,0.0,0.915222,0.001474
circles,fixed_amplitude,256,0.5,0.906432,0.010264
circles,fixed_amplitude,256,1.0,0.895676,0.02102
circles,fixed_amplitude,256,1.5,0.883591,0.033105
circles,fixed_amplitude,256,2.0,0.870249,0.046447
circles,fixed_amplitude,256,3.0,0.842311,0.074385
circles,fixed_amplitude,256,4.0,0.804166,0.11253
circles,fixed_amplitude,256,5.0,0.771261,0.145435
circles,fixed_amplitude,512,0.0,0.91736,-0.000664
circles,fixed_amplitude,512,0.5,0.908761,0.007935
circles,fixed_amplitude,512,1.0,0.897257,0.019439
circles,fixed_amplitude,512,1.5,0.880074,0.036622
circles,fixed_amplitude,512,2.0,0.868926,0.04777
circles,fixed_amplitude,512,3.0,0.838415,0.078281
circles,fixed_amplitude,512,4.0,0.806715,0.109981
circles,fixed_amplitude,512,5.0,0.772153,0.144543
circles,fixed_amplitude,1024,0.0,0.916879,-0.000183
circles,fixed_amplitude,1024,0.5,0.906477,0.010219
circles,fixed_amplitude,1024,1.0,0.896594,0.020102
circles,fixed_amplitude,1024,1.5,0.885934,0.030762
circles,fixed_amplitude,1024,2.0,0.86689,0.049806
circles,fixed_amplitude,1024,3.0,0.838739,0.077957
circles,fixed_amplitude,1024,4.0,0.804592,0.112104
circles,fixed_amplitude,1024,5.0,0.770753,0.145943
circles,fixed_amplitude,2024,0.0,0.917067,-0.000371
circles,fixed_amplitude,2024,0.5,0.907785,0.008911
circles,fixed_amplitude,2024,1.0,0.896507,0.020189
circles,fixed_amplitude,2024,1.5,0.883531,0.033165
circles,fixed_amplitude,2024,2.0,0.867301,0.049395
circles,fixed_amplitude,2024,3.0,0.836615,0.080081
circles,fixed_amplitude,2024,4.0,0.806485,0.110211
circles,fixed_amplitude,2024,5.0,0.769655,0.147041
circles,fixed_amplitude,4096,0.0,0.915309,0.001387
circles,fixed_amplitude,4096,0.5,0.907895,0.008801
circles,fixed_amplitude,4096,1.0,0.895816,0.02088
circles,fixed_amplitude,4096,1.5,0.882076,0.03462
circles,fixed_amplitude,4096,2.0,0.869996,0.0467
circles,fixed_amplitude,4096,3.0,0.837979,0.078717
circles,fixed_amplitude,4096,4.0,0.808461,0.108235
circles,fixed_amplitude,4096,5.0,0.76644,0.150256
circles,fixed_amplitude,8192,0.0,0.916867,-0.000171
circles,fixed_amplitude,8192,0.5,0.905918,0.010778
circles,fixed_amplitude,8192,1.0,0.892582,0.024114
circles,fixed_amplitude,8192,1.5,0.882116,0.03458
circles,fixed_amplitude,8192,2.0,0.871797,0.044899
circles,fixed_amplitude,8192,3.0,0.838487,0.078209
circles,fixed_amplitude,8192,4.0,0.80301,0.113686
circles,fixed_amplitude,8192,5.0,0.771923,0.144773
circles,random_unitary,42,0.0,0.868156,0.003044
circles,random_unitary,42,0.5,0.860313,0.010887
circles,random_unitary,42,1.0,0.844223,0.026977
circles,random_unitary,42,1.5,0.825386,0.045814
circles,random_unitary,42,2.0,0.806928,0.064272
circles,random_unitary,42,3.0,0.767778,0.103422
circles,random_unitary,42,4.0,0.722372,0.148828
circles,random_unitary,42,5.0,0.675284,0.195916
circles,random_unitary,123,0.0,0.870876,0.000324
circles,random_unitary,123,0.5,0.860264,0.010936
circles,random_unitary,123,1.0,0.843904,0.027296
circles,random_unitary,123,1.5,0.826388,0.044812
circles,random_unitary,123,2.0,0.808797,0.062403
circles,random_unitary,123,3.0,0.768096,0.103104
circles,random_unitary,123,4.0,0.72188,0.14932
circles,random_unitary,123,5.0,0.673493,0.197707
circles,random_unitary,256,0.0,0.871281,-8.1e-05
circles,random_unitary,256,0.5,0.858554,0.012646
circles,random_unitary,256,1.0,0.845361,0.025839
circles,random_unitary,256,1.5,0.825995,0.045205
circles,random_unitary,256,2.0,0.808631,0.062569
circles,random_unitary,256,3.0,0.76619,0.10501
circles,random_unitary,256,4.0,0.723487,0.147713
circles,random_unitary,256,5.0,0.67321,0.19799
circles,random_unitary,512,0.0,0.868659,0.002541
circles,random_unitary,512,0.5,0.860241,0.010959
circles,random_unitary,512,1.0,0.845711,0.025489
circles,random_unitary,512,1.5,0.826939,0.044261
circles,random_unitary,512,2.0,0.809791,0.061409
circles,random_unitary,512,3.0,0.767637,0.103563
circles,random_unitary,512,4.0,0.719909,0.151291
circles,random_unitary,512,5.0,0.674368,0.196832
circles,random_unitary,1024,0.0,0.874242,-0.003042
circles,random_unitary,1024,0.5,0.86029,0.01091
circles,random_unitary,1024,1.0,0.845009,0.026191
circles,random_unitary,1024,1.5,0.826421,0.044779
circles,random_unitary,1024,2.0,0.808061,0.063139
circles,random_unitary,1024,3.0,0.765582,0.105618
circles,random_unitary,1024,4.0,0.720823,0.150377
circles,random_unitary,1024,5.0,0.675799,0.195401
circles,random_unitary,2024,0.0,0.869472,0.001728
circles,random_unitary,2024,0.5,0.859621,0.011579
circles,random_unitary,2024,1.0,0.844201,0.026999
circles,random_unitary,2024,1.5,0.829886,0.041314
circles,random_unitary,2024,2.0,0.806641,0.064559
circles,random_unitary,2024,3.0,0.768139,0.103061
circles,random_unitary,2024,4.0,0.720403,0.150797
circles,random_unitary,2024,5.0,0.678152,0.193048
circles,random_unitary,4096,0.0,0.870742,0.000458
circles,random_unitary,4096,0.5,0.857458,0.013742
circles,random_unitary,4096,1.0,0.845223,0.025977
circles,random_unitary,4096,1.5,0.827532,0.043668
circles,random_unitary,4096,2.0,0.809713,0.061487
circles,random_unitary,4096,3.0,0.767684,0.103516
circles,random_unitary,4096,4.0,0.72293,0.14827
circles,random_unitary,4096,5.0,0.674213,0.196987
circles,random_unitary,8192,0.0,0.873381,-0.002181
circles,random_unitary,8192,0.5,0.862836,0.008364
circles,random_unitary,8192,1.0,0.847479,0.023721
circles,random_unitary,8192,1.5,0.826758,0.044442
circles,random_unitary,8192,2.0,0.807726,0.063474
circles,random_unitary,8192,3.0,0.767302,0.103898
circles,random_unitary,8192,4.0,0.720303,0.150897
circles,random_unitary,8192,5.0,0.672237,0.198963
circles,mlp,42,0.0,0.954052,-0.000572
circles,mlp,42,0.5,0.947758,0.005722
circles,mlp,42,1.0,0.934834,0.018646
circles,mlp,42,1.5,0.923644,0.029836
circles,mlp,42,2.0,0.914288,0.039192
circles,mlp,42,3.0,0.889189,0.064291
circles,mlp,42,4.0,0.859392,0.094088
circles,mlp,42,5.0,0.832198,0.121282
circles,mlp,123,0.0,0.953629,-0.000149
circles,mlp,123,0.5,0.945652,0.007828
circles,mlp,123,1.0,0.935474,0.018006
circles,mlp,123,1.5,0.924843,0.028637
circles,mlp,123,2.0,0.913603,0.039877
circles,mlp,123,3.0,0.888011,0.065469
circles,mlp,123,4.0,0.863446,0.090034
circles,mlp,123,5.0,0.833129,0.120351
circles,mlp,256,0.0,0.953785,-0.000305
circles,mlp,256,0.5,0.945107,0.008373
circles,mlp,256,1.0,0.937251,0.016229
circles,mlp,256,1.5,0.924885,0.028595
circles,mlp,256,2.0,0.913128,0.040352
circles,mlp,256,3.0,0.887883,0.065597
circles,mlp,256,4.0,0.859544,0.093936
circles,mlp,256,5.0,0.832993,0.120487
circles,mlp,512,0.0,0.953949,-0.000469
circles,mlp,512,0.5,0.945,0.00848
circles,mlp,512,1.0,0.933937,0.019543
circles,mlp,512,1.5,0.924627,0.028853
circles,mlp,512,2.0,0.911797,0.041683
circles,mlp,512,3.0,0.88656,0.06692
circles,mlp,512,4.0,0.860363,0.093117
circles,mlp,512,5.0,0.835497,0.117983
circles,mlp,1024,0.0,0.955862,-0.002382
circles,mlp,1024,0.5,0.94232,0.01116
circles,mlp,1024,1.0,0.934933,0.018547
circles,mlp,1024,1.5,0.925339,0.028141
circles,mlp,1024,2.0,0.910871,0.042609
circles,mlp,1024,3.0,0.8887,0.06478
circles,mlp,1024,4.0,0.862666,0.090814
circles,mlp,1024,5.0,0.83401,0.11947
circles,mlp,2024,0.0,0.953842,-0.000362
circles,mlp,2024,0.5,0.946954,0.006526
circles,mlp,2024,1.0,0.932791,0.020689
circles,mlp,2024,1.5,0.923786,0.029694
circles,mlp,2024,2.0,0.910637,0.042843
circles,mlp,2024,3.0,0.887193,0.066287
circles,mlp,2024,4.0,0.861423,0.092057
circles,mlp,2024,5.0,0.835493,0.117987
circles,mlp,4096,0.0,0.95407,-0.00059
circles,mlp,4096,0.5,0.946317,0.007163
circles,mlp,4096,1.0,0.934829,0.018651
circles,mlp,4096,1.5,0.926516,0.026964
circles,mlp,4096,2.0,0.911992,0.041488
circles,mlp,4096,3.0,0.886361,0.067119
circles,mlp,4096,4.0,0.863553,0.089927
circles,mlp,4096,5.0,0.831913,0.121567
circles,mlp,8192,0.0,0.952418,0.001062
circles,mlp,8192,0.5,0.947499,0.005981
circles,mlp,8192,1.0,0.935216,0.018264
circles,mlp,8192,1.5,0.926192,0.027288
circles,mlp,8192,2.0,0.914882,0.038598
circles,mlp,8192,3.0,0.883657,0.069823
circles,mlp,8192,4.0,0.860778,0.092702
circles,mlp,8192,5.0,0.834428,0.119052
circles,cnn,42,0.0,0.972304,0.000536
circles,cnn,42,0.5,0.963814,0.009026
circles,cnn,42,1.0,0.954178,0.018662
circles,cnn,42,1.5,0.94805,0.02479
circles,cnn,42,2.0,0.936463,0.036377
circles,cnn,42,3.0,0.915692,0.057148
circles,cnn,42,4.0,0.895198,0.077642
circles,cnn,42,5.0,0.869851,0.102989
circles,cnn,123,0.0,0.973846,-0.001006
circles,cnn,123,0.5,0.967923,0.004917
circles,cnn,123,1.0,0.954222,0.018618
circles,cnn,123,1.5,0.950852,0.021988
circles,cnn,123,2.0,0.935433,0.037407
circles,cnn,123,3.0,0.917103,0.055737
circles,cnn,123,4.0,0.894354,0.078486
circles,cnn,123,5.0,0.870836,0.102004
circles,cnn,256,0.0,0.974459,-0.001619
circles,cnn,256,0.5,0.962009,0.010831
circles,cnn,256,1.0,0.957454,0.015386
circles,cnn,256,1.5,0.950083,0.022757
circles,cnn,256,2.0,0.937123,0.035717
circles,cnn,256,3.0,0.917428,0.055412
circles,cnn,256,4.0,0.893941,0.078899
circles,cnn,256,5.0,0.872455,0.100385
circles,cnn,512,0.0,0.969359,0.003481
circles,cnn,512,0.5,0.966962,0.005878
circles,cnn,512,1.0,0.955942,0.016898
circles,cnn,512,1.5,0.950174,0.022666
circles,cnn,512,2.0,0.9401,0.03274
circles,cnn,512,3.0,0.917061,0.055779
circles,cnn,512,4.0,0.896196,0.076644
circles,cnn,512,5.0,0.869727,0.103113
circles,cnn,1024,0.0,0.973433,-0.000593
circles,cnn,1024,0.5,0.966087,0.006753
circles,cnn,1024,1.0,0.956722,0.016118
circles,cnn,1024,1.5,0.946355,0.026485
circles,cnn,1024,2.0,0.935064,0.037776
circles,cnn,1024,3.0,0.916245,0.056595
circles,cnn,1024,4.0,0.893773,0.079067
circles,cnn,1024,5.0,0.870383,0.102457
circles,cnn,2024,0.0,0.971008,0.001832
circles,cnn,2024,0.5,0.963703,0.009137
circles,cnn,2024,1.0,0.954864,0.017976
circles,cnn,2024,1.5,0.944538,0.028302
circles,cnn,2024,2.0,0.936746,0.036094
circles,cnn,2024,3.0,0.916995,0.055845
circles,cnn,2024,4.0,0.89563,0.07721
circles,cnn,2024,5.0,0.870048,0.102792
circles,cnn,4096,0.0,0.972249,0.000591
circles,cnn,4096,0.5,0.967476,0.005364
circles,cnn,4096,1.0,0.955636,0.017204
circles,cnn,4096,1.5,0.947194,0.025646
circles,cnn,4096,2.0,0.936971,0.035869
circles,cnn,4096,3.0,0.9174,0.05544
circles,cnn,4096,4.0,0.892648,0.080192
circles,cnn,4096,5.0,0.87194,0.1009
circles,cnn,8192,0.0,0.972378,0.000462
circles,cnn,8192,0.5,0.966794,0.006046
circles,cnn,8192,1.0,0.956563,0.016277
circles,cnn,8192,1.5,0.948045,0.024795
circles,cnn,8192,2.0,0.936954,0.035886
circles,cnn,8192,3.0,0.916458,0.056382
circles,cnn,8192,4.0,0.894852,0.077988
circles,cnn,8192,5.0,0.870445,0.102395
mnist,proposed,42,0.0,0.986355,0.000645
mnist,proposed,42,0.5,0.983562,0.003438
mnist,proposed,42,1.0,0.981462,0.005538
mnist,proposed,42,1.5,0.975121,0.011879
mnist,proposed,42,2.0,0.966203,0.020797
mnist,proposed,42,3.0,0.955803,0.031197
mnist,proposed,42,4.0,0.948115,0.038885
mnist,proposed,42,5.0,0.934748,0.052252
mnist,proposed,123,0.0,0.987701,-0.000701
mnist,proposed,123,0.5,0.983304,0.003696
mnist,proposed,123,1.0,0.97783,0.00917
mnist,proposed,123,1.5,0.973343,0.013657
mnist,proposed,123,2.0,0.967583,0.019417
mnist,proposed,123,3.0,0.953614,0.033386
mnist,proposed,123,4.0,0.944222,0.042778
mnist,proposed,123,5.0,0.933293,0.053707
mnist,proposed,256,0.0,0.98705,-5e-05
mnist,proposed,256,0.5,0.984109,0.002891
mnist,proposed,256,1.0,0.977843,0.009157
mnist,proposed,256,1.5,0.970789,0.016211
mnist,proposed,256,2.0,0.965463,0.021537
mnist,proposed,256,3.0,0.956723,0.030277
mnist,proposed,256,4.0,0.946193,0.040807
mnist,proposed,256,5.0,0.933149,0.053851
mnist,proposed,512,0.0,0.985183,0.001817
mnist,proposed,512,0.5,0.982095,0.004905
mnist,proposed,512,1.0,0.977808,0.009192
mnist,proposed,512,1.5,0.972171,0.014829
mnist,proposed,512,2.0,0.967611,0.019389
mnist,proposed,512,3.0,0.959148,0.027852
mnist,proposed,512,4.0,0.945016,0.041984
mnist,proposed,512,5.0,0.935706,0.051294
mnist,proposed,1024,0.0,0.98593,0.00107
mnist,proposed,1024,0.5,0.9804,0.0066
mnist,proposed,1024,1.0,0.977583,0.009417
mnist,proposed,1024,1.5,0.97304,0.01396
mnist,proposed,1024,2.0,0.966426,0.020574
mnist,proposed,1024,3.0,0.957521,0.029479
mnist,proposed,1024,4.0,0.943634,0.043366
mnist,proposed,1024,5.0,0.936279,0.050721
mnist,proposed,2024,0.0,0.98714,-0.00014
mnist,proposed,2024,0.5,0.983578,0.003422
mnist,proposed,2024,1.0,0.97914,0.00786
mnist,proposed,2024,1.5,0.972674,0.014326
mnist,proposed,2024,2.0,0.966208,0.020792
mnist,proposed,2024,3.0,0.957202,0.029798
mnist,proposed,2024,4.0,0.944172,0.042828
mnist,proposed,2024,5.0,0.932883,0.054117
mnist,proposed,4096,0.0,0.989293,-0.002293
mnist,proposed,4096,0.5,0.982488,0.004512
mnist,proposed,4096,1.0,0.975891,0.011109
mnist,proposed,4096,1.5,0.974784,0.012216
mnist,proposed,4096,2.0,0.968035,0.018965
mnist,proposed,4096,3.0,0.954297,0.032703
mnist,proposed,4096,4.0,0.944326,0.042674
mnist,proposed,4096,5.0,0.934425,0.052575
mnist,proposed,8192,0.0,0.988309,-0.001309
mnist,proposed,8192,0.5,0.983296,0.003704
mnist,proposed,8192,1.0,0.978979,0.008021
mnist,proposed,8192,1.5,0.97178,0.01522
mnist,proposed,8192,2.0,0.970684,0.016316
mnist,proposed,8192,3.0,0.956507,0.030493
mnist,proposed,8192,4.0,0.945477,0.041523
mnist,proposed,8192,5.0,0.932747,0.054253
mnist,fixed_phase,42,0.0,0.939234,0.00039
mnist,fixed_phase,42,0.5,0.931228,0.008396
mnist,fixed_phase,42,1.0,0.920211,0.019413
mnist,fixed_phase,42,1.5,0.906774,0.03285
mnist,fixed_phase,42,2.0,0.896474,0.04315
mnist,fixed_phase,42,3.0,0.86275,0.076874
mnist,fixed_phase,42,4.0,0.834321,0.105303
mnist,fixed_phase,42,5.0,0.799475,0.140149
mnist,fixed_phase,123,0.0,0.935643,0.003981
mnist,fixed_phase,123,0.5,0.929978,0.009646
mnist,fixed_phase,123,1.0,0.921267,0.018357
mnist,fixed_phase,123,1.5,0.906545,0.033079
mnist,fixed_phase,123,2.0,0.893092,0.046532
mnist,fixed_phase,123,3.0,0.866307,0.073317
mnist,fixed_phase,123,4.0,0.83319,0.106434
mnist,fixed_phase,123,5.0,0.803495,0.136129
mnist,fixed_phase,256,0.0,0.939914,-0.00029
mnist,fixed_phase,256,0.5,0.931157,0.008467
mnist,fixed_phase,256,1.0,0.918853,0.020771
mnist,fixed_phase,256,1.5,0.905936,0.033688
mnist,fixed_phase,256,2.0,0.895369,0.044255
mnist,fixed_phase,256,3.0,0.865887,0.073737
mnist,fixed_phase,256,4.0,0.831995,0.107629
mnist,fixed_phase,256,5.0,0.801365,0.138259
mnist,fixed_phase,512,0.0,0.938764,0.00086
mnist,fixed_phase,512,0.5,0.932075,0.007549
mnist,fixed_phase,512,1.0,0.918884,0.02074
mnist,fixed_phase,512,1.5,0.909511,0.030113
mnist,fixed_phase,512,2.0,0.894476,0.045148
mnist,fixed_phase,512,3.0,0.865995,0.073629
mnist,fixed_phase,512,4.0,0.835984,0.10364
mnist,fixed_phase,512,5.0,0.804538,0.135086
mnist,fixed_phase,1024,0.0,0.938026,0.001598
mnist,fixed_phase,1024,0.5,0.92891,0.010714
mnist,fixed_phase,1024,1.0,0.919752,0.019872
mnist,fixed_phase,1024,1.5,0.907497,0.032127
mnist,fixed_phase,1024,2.0,0.897211,0.042413
mnist,fixed_phase,1024,3.0,0.866152,0.073472
mnist,fixed_phase,1024,4.0,0.8372,0.102424
mnist,fixed_phase,1024,5.0,0.803337,0.136287
mnist,fixed_phase,2024,0.0,0.93675,0.002874
mnist,fixed_phase,2024,0.5,0.931737,0.007887
mnist,fixed_phase,2024,1.0,0.922409,0.017215
mnist,fixed_phase,2024,1.5,0.909924,0.0297
mnist,fixed_phase,2024,2.0,0.892805,0.046819
mnist,fixed_phase,2024,3.0,0.863759,0.075865
mnist,fixed_phase,2024,4.0,0.833953,0.105671
mnist,fixed_phase,2024,5.0,0.803668,0.135956
mnist,fixed_phase,4096,0.0,0.940477,-0.000853
mnist,fixed_phase,4096,0.5,0.931196,0.008428
mnist,fixed_phase,4096,1.0,0.916093,0.023531
mnist,fixed_phase,4096,1.5,0.907911,0.031713
mnist,fixed_phase,4096,2.0,0.892507,0.047117
mnist,fixed_phase,4096,3.0,0.866867,0.072757
mnist,fixed_phase,4096,4.0,0.834167,0.105457
mnist,fixed_phase,4096,5.0,0.801463,0.138161
mnist,fixed_phase,8192,0.0,0.939332,0.000292
mnist,fixed_phase,8192,0.5,0.932393,0.007231
mnist,fixed_phase,8192,1.0,0.917095,0.022529
mnist,fixed_phase,8192,1.5,0.909631,0.029993
mnist,fixed_phase,8192,2.0,0.892905,0.046719
mnist,fixed_phase,8192,3.0,0.866067,0.073557
mnist,fixed_phase,8192,4.0,0.835574,0.10405
mnist,fixed_phase,8192,5.0,0.803599,0.136025
mnist,fixed_amplitude,42,0.0,0.933194,0.001495
mnist,fixed_amplitude,42,0.5,0.923535,0.011154
mnist,fixed_amplitude,42,1.0,0.912045,0.022644
mnist,fixed_amplitude,42,1.5,0.901656,0.033033
mnist,fixed_amplitude,42,2.0,0.884209,0.05048
mnist,fixed_amplitude,42,3.0,0.856884,0.077805
mnist,fixed_amplitude,42,4.0,0.82151,0.113179
mnist,fixed_amplitude,42,5.0,0.78853,0.146159
mnist,fixed_amplitude,123,0.0,0.934188,0.000501
mnist,fixed_amplitude,123,0.5,0.924585,0.010104
mnist,fixed_amplitude,123,1.0,0.913544,0.021145
mnist,fixed_amplitude,123,1.5,0.898685,0.036004
mnist,fixed_amplitude,123,2.0,0.884606,0.050083
mnist,fixed_amplitude,123,3.0,0.855479,0.07921
mnist,fixed_amplitude,123,4.0,0.821824,0.112865
mnist,fixed_amplitude,123,5.0,0.78663,0.148059
mnist,fixed_amplitude,256,0.0,0.934797,-0.000108
mnist,fixed_amplitude,256,0.5,0.926562,0.008127
mnist,fixed_amplitude,256,1.0,0.912297,0.022392
mnist,fixed_amplitude,256,1.5,0.902196,0.032493
mnist,fixed_amplitude,256,2.0,0.886679,0.04801
mnist,fixed_amplitude,256,3.0,0.85878,0.075909
mnist,fixed_amplitude,256,4.0,0.823369,0.11132
mnist,fixed_amplitude,256,5.0,0.791294,0.143395
mnist,fixed_amplitude,512,0.0,0.937975,-0.003286
mnist,fixed_amplitude,512,0.5,0.92522,0.009469
mnist,fixed_amplitude,512,1.0,0.911057,0.023632
mnist,fixed_amplitude,512,1.5,0.898651,0.036038
mnist,fixed_amplitude,512,2.0,0.885294,0.049395
mnist,fixed_amplitude,512,3.0,0.853769,0.08092
mnist,fixed_amplitude,512,4.0,0.821566,0.113123
mnist,fixed_amplitude,512,5.0,0.788394,0.146295
mnist,fixed_amplitude,1024,0.0,0.934538,0.000151
mnist,fixed_amplitude,1024,0.5,0.927717,0.006972
mnist,fixed_amplitude,1024,1.0,0.912371,0.022318
mnist,fixed_amplitude,1024,1.5,0.90025,0.034439
mnist,fixed_amplitude,1024,2.0,0.884996,0.049693
mnist,fixed_amplitude,1024,3.0,0.859206,0.075483
mnist,fixed_amplitude,1024,4.0,0.822171,0.112518
mnist,fixed_amplitude,1024,5.0,0.787932,0.146757
mnist,fixed_amplitude,2024,0.0,0.933016,0.001673
mnist,fixed_amplitude,2024,0.5,0.926616,0.008073
mnist,fixed_amplitude,2024,1.0,0.913064,0.021625
mnist,fixed_amplitude,2024,1.5,0.901213,0.033476
mnist,fixed_amplitude,2024,2.0,0.889496,0.045193
mnist,fixed_amplitude,2024,3.0,0.852367,0.082322
mnist,fixed_amplitude,2024,4.0,0.824675,0.110014
mnist,fixed_amplitude,2024,5.0,0.787433,0.147256
mnist,fixed_amplitude,4096,0.0,0.935239,-0.00055
mnist,fixed_amplitude,4096,0.5,0.924779,0.00991
mnist,fixed_amplitude,4096,1.0,0.911567,0.023122
mnist,fixed_amplitude,4096,1.5,0.900467,0.034222
mnist,fixed_amplitude,4096,2.0,0.88261,0.052079
mnist,fixed_amplitude,4096,3.0,0.85717,0.077519
mnist,fixed_amplitude,4096,4.0,0.821768,0.112921
mnist,fixed_amplitude,4096,5.0,0.78701,0.147679
mnist,fixed_amplitude,8192,0.0,0.933106,0.001583
mnist,fixed_amplitude,8192,0.5,0.924902,0.009787
mnist,fixed_amplitude,8192,1.0,0.913802,0.020887
mnist,fixed_amplitude,8192,1.5,0.896994,0.037695
mnist,fixed_amplitude,8192,2.0,0.884863,0.049826
mnist,fixed_amplitude,8192,3.0,0.855428,0.079261
mnist,fixed_amplitude,8192,4.0,0.824929,0.10976
mnist,fixed_amplitude,8192,5.0,0.786211,0.148478
mnist,random_unitary,42,0.0,0.88864,-0.00034
mnist,random_unitary,42,0.5,0.877474,0.010826
mnist,random_unitary,42,1.0,0.862276,0.026024
mnist,random_unitary,42,1.5,0.844241,0.044059
mnist,random_unitary,42,2.0,0.823374,0.064926
mnist,random_unitary,42,3.0,0.784195,0.104105
mnist,random_unitary,42,4.0,0.739661,0.148639
mnist,random_unitary,42,5.0,0.692206,0.196094
mnist,random_unitary,123,0.0,0.886647,0.001653
mnist,random_unitary,123,0.5,0.878361,0.009939
mnist,random_unitary,123,1.0,0.86286,0.02544
mnist,random_unitary,123,1.5,0.845684,0.042616
mnist,random_unitary,123,2.0,0.827016,0.061284
mnist,random_unitary,123,3.0,0.785348,0.102952
mnist,random_unitary,123,4.0,0.74003,0.14827
mnist,random_unitary,123,5.0,0.692302,0.195998
mnist,random_unitary,256,0.0,0.887944,0.000356
mnist,random_unitary,256,0.5,0.878044,0.010256
mnist,random_unitary,256,1.0,0.86165,0.02665
mnist,random_unitary,256,1.5,0.846276,0.042024
mnist,random_unitary,256,2.0,0.824318,0.063982
mnist,random_unitary,256,3.0,0.783783,0.104517
mnist,random_unitary,256,4.0,0.738806,0.149494
mnist,random_unitary,256,5.0,0.692086,0.196214
mnist,random_unitary,512,0.0,0.886599,0.001701
mnist,random_unitary,512,0.5,0.879358,0.008942
mnist,random_unitary,512,1.0,0.861325,0.026975
mnist,random_unitary,512,1.5,0.845717,0.042583
mnist,random_unitary,512,2.0,0.825707,0.062593
mnist,random_unitary,512,3.0,0.78367,0.10463
mnist,random_unitary,512,4.0,0.739643,0.148657
mnist,random_unitary,512,5.0,0.691343,0.196957
mnist,random_unitary,1024,0.0,0.887667,0.000633
mnist,random_unitary,1024,0.5,0.876927,0.011373
mnist,random_unitary,1024,1.0,0.858232,0.030068
mnist,random_unitary,1024,1.5,0.843274,0.045026
mnist,random_unitary,1024,2.0,0.825338,0.062962
mnist,random_unitary,1024,3.0,0.782919,0.105381
mnist,random_unitary,1024,4.0,0.739327,0.148973
mnist,random_unitary,1024,5.0,0.69175,0.19655
mnist,random_unitary,2024,0.0,0.887803,0.000497
mnist,random_unitary,2024,0.5,0.877535,0.010765
mnist,random_unitary,2024,1.0,0.86088,0.02742
mnist,random_unitary,2024,1.5,0.84796,0.04034
mnist,random_unitary,2024,2.0,0.825624,0.062676
mnist,random_unitary,2024,3.0,0.783492,0.104808
mnist,random_unitary,2024,4.0,0.741408,0.146892
mnist,random_unitary,2024,5.0,0.693104,0.195196
mnist,random_unitary,4096,0.0,0.889749,-0.001449
mnist,random_unitary,4096,0.5,0.87619,0.01211
mnist,random_unitary,4096,1.0,0.863809,0.024491
mnist,random_unitary,4096,1.5,0.842408,0.045892
mnist,random_unitary,4096,2.0,0.826809,0.061491
mnist,random_unitary,4096,3.0,0.784659,0.103641
mnist,random_unitary,4096,4.0,0.739286,0.149014
mnist,random_unitary,4096,5.0,0.690728,0.197572
mnist,random_unitary,8192,0.0,0.88716,0.00114
mnist,random_unitary,8192,0.5,0.87866,0.00964
mnist,random_unitary,8192,1.0,0.861314,0.026986
mnist,random_unitary,8192,1.5,0.843567,0.044733
mnist,random_unitary,8192,2.0,0.826247,0.062053
mnist,random_unitary,8192,3.0,0.782878,0.105422
mnist,random_unitary,8192,4.0,0.740073,0.148227
mnist,random_unitary,8192,5.0,0.688804,0.199496
mnist,mlp,42,0.0,0.970933,0.001262
mnist,mlp,42,0.5,0.964331,0.007864
mnist,mlp,42,1.0,0.957692,0.014503
mnist,mlp,42,1.5,0.944836,0.027359
mnist,mlp,42,2.0,0.930303,0.041892
mnist,mlp,42,3.0,0.90548,0.066715
mnist,mlp,42,4.0,0.879698,0.092497
mnist,mlp,42,5.0,0.851451,0.120744
mnist,mlp,123,0.0,0.971113,0.001082
mnist,mlp,123,0.5,0.96383,0.008365
mnist,mlp,123,1.0,0.955715,0.01648
mnist,mlp,123,1.5,0.943187,0.029008
mnist,mlp,123,2.0,0.929507,0.042688
mnist,mlp,123,3.0,0.905717,0.066478
mnist,mlp,123,4.0,0.879194,0.093001
mnist,mlp,123,5.0,0.851496,0.120699
mnist,mlp,256,0.0,0.970422,0.001773
mnist,mlp,256,0.5,0.966709,0.005486
mnist,mlp,256,1.0,0.954278,0.017917
mnist,mlp,256,1.5,0.944473,0.027722
mnist,mlp,256,2.0,0.930214,0.041981
mnist,mlp,256,3.0,0.906777,0.065418
mnist,mlp,256,4.0,0.88256,0.089635
mnist,mlp,256,5.0,0.850581,0.121614
mnist,mlp,512,0.0,0.974891,-0.002696
mnist,mlp,512,0.5,0.964446,0.007749
mnist,mlp,512,1.0,0.954637,0.017558
mnist,mlp,512,1.5,0.940697,0.031498
mnist,mlp,512,2.0,0.932461,0.039734
mnist,mlp,512,3.0,0.908286,0.063909
mnist,mlp,512,4.0,0.882418,0.089777
mnist,mlp,512,5.0,0.852208,0.119987
mnist,mlp,1024,0.0,0.972728,-0.000533
mnist,mlp,1024,0.5,0.965464,0.006731
mnist,mlp,1024,1.0,0.95587,0.016325
mnist,mlp,1024,1.5,0.94594,0.026255
mnist,mlp,1024,2.0,0.936355,0.03584
mnist,mlp,1024,3.0,0.905602,0.066593
mnist,mlp,1024,4.0,0.882813,0.089382
mnist,mlp,1024,5.0,0.852596,0.119599
mnist,mlp,2024,0.0,0.972813,-0.000618
mnist,mlp,2024,0.5,0.962751,0.009444
mnist,mlp,2024,1.0,0.955685,0.01651
mnist,mlp,2024,1.5,0.941937,0.030258
mnist,mlp,2024,2.0,0.931825,0.04037
mnist,mlp,2024,3.0,0.907085,0.06511
mnist,mlp,2024,4.0,0.88023,0.091965
mnist,mlp,2024,5.0,0.853907,0.118288
mnist,mlp,4096,0.0,0.972457,-0.000262
mnist,mlp,4096,0.5,0.964299,0.007896
mnist,mlp,4096,1.0,0.954321,0.017874
mnist,mlp,4096,1.5,0.941022,0.031173
mnist,mlp,4096,2.0,0.92959,0.042605
mnist,mlp,4096,3.0,0.908787,0.063408
mnist,mlp,4096,4.0,0.880461,0.091734
mnist,mlp,4096,5.0,0.851852,0.120343
mnist,mlp,8192,0.0,0.974493,-0.002298
mnist,mlp,8192,0.5,0.964128,0.008067
mnist,mlp,8192,1.0,0.956582,0.015613
mnist,mlp,8192,1.5,0.943809,0.028386
mnist,mlp,8192,2.0,0.931372,0.040823
mnist,mlp,8192,3.0,0.908416,0.063779
mnist,mlp,8192,4.0,0.879282,0.092913
mnist,mlp,8192,5.0,0.854098,0.118097
mnist,cnn,42,0.0,0.990448,0.001487
mnist,cnn,42,0.5,0.982498,0.009437
mnist,cnn,42,1.0,0.976799,0.015136
mnist,cnn,42,1.5,0.964135,0.0278
mnist,cnn,42,2.0,0.954825,0.03711
mnist,cnn,42,3.0,0.935953,0.055982
mnist,cnn,42,4.0,0.910588,0.081347
mnist,cnn,42,5.0,0.891984,0.099951
mnist,cnn,123,0.0,0.990509,0.001426
mnist,cnn,123,0.5,0.984288,0.007647
mnist,cnn,123,1.0,0.979253,0.012682
mnist,cnn,123,1.5,0.965886,0.026049
mnist,cnn,123,2.0,0.959169,0.032766
mnist,cnn,123,3.0,0.936675,0.05526
mnist,cnn,123,4.0,0.913787,0.078148
mnist,cnn,123,5.0,0.889972,0.101963
mnist,cnn,256,0.0,0.992944,-0.001009
mnist,cnn,256,0.5,0.98529,0.006645
mnist,cnn,256,1.0,0.978386,0.013549
mnist,cnn,256,1.5,0.966431,0.025504
mnist,cnn,256,2.0,0.959074,0.032861
mnist,cnn,256,3.0,0.937965,0.05397
mnist,cnn,256,4.0,0.914006,0.077929
mnist,cnn,256,5.0,0.88892,0.103015
mnist,cnn,512,0.0,0.993088,-0.001153
mnist,cnn,512,0.5,0.985768,0.006167
mnist,cnn,512,1.0,0.978445,0.01349
mnist,cnn,512,1.5,0.966441,0.025494
mnist,cnn,512,2.0,0.955794,0.036141
mnist,cnn,512,3.0,0.933275,0.05866
mnist,cnn,512,4.0,0.915913,0.076022
mnist,cnn,512,5.0,0.888301,0.103634
mnist,cnn,1024,0.0,0.993626,-0.001691
mnist,cnn,1024,0.5,0.984562,0.007373
mnist,cnn,1024,1.0,0.977968,0.013967
mnist,cnn,1024,1.5,0.967094,0.024841
mnist,cnn,1024,2.0,0.957833,0.034102
mnist,cnn,1024,3.0,0.936884,0.055051
mnist,cnn,1024,4.0,0.912612,0.079323
mnist,cnn,1024,5.0,0.887007,0.104928
mnist,cnn,2024,0.0,0.99087,0.001065
mnist,cnn,2024,0.5,0.984702,0.007233
mnist,cnn,2024,1.0,0.978465,0.01347
mnist,cnn,2024,1.5,0.966564,0.025371
mnist,cnn,2024,2.0,0.957843,0.034092
mnist,cnn,2024,3.0,0.935799,0.056136
mnist,cnn,2024,4.0,0.913059,0.078876
mnist,cnn,2024,5.0,0.887109,0.104826
mnist,cnn,4096,0.0,0.993147,-0.001212
mnist,cnn,4096,0.5,0.98477,0.007165
mnist,cnn,4096,1.0,0.975754,0.016181
mnist,cnn,4096,1.5,0.967574,0.024361
mnist,cnn,4096,2.0,0.956495,0.03544
mnist,cnn,4096,3.0,0.935193,0.056742
mnist,cnn,4096,4.0,0.913898,0.078037
mnist,cnn,4096,5.0,0.887875,0.10406
mnist,cnn,8192,0.0,0.992085,-0.00015
mnist,cnn,8192,0.5,0.984432,0.007503
mnist,cnn,8192,1.0,0.975991,0.015944
mnist,cnn,8192,1.5,0.967498,0.024437
mnist,cnn,8192,2.0,0.958558,0.033377
mnist,cnn,8192,3.0,0.935897,0.056038
mnist,cnn,8192,4.0,0.913616,0.078319
mnist,cnn,8192,5.0,0.884833,0.107102
fashion_mnist,proposed,42,0.0,0.914308,-0.000308
fashion_mnist,proposed,42,0.5,0.911861,0.002139
fashion_mnist,proposed,42,1.0,0.905892,0.008108
fashion_mnist,proposed,42,1.5,0.900586,0.013414
fashion_mnist,proposed,42,2.0,0.898283,0.015717
fashion_mnist,proposed,42,3.0,0.883585,0.030415
fashion_mnist,proposed,42,4.0,0.872487,0.041513
fashion_mnist,proposed,42,5.0,0.858262,0.055738
fashion_mnist,proposed,123,0.0,0.912812,0.001188
fashion_mnist,proposed,123,0.5,0.909869,0.004131
fashion_mnist,proposed,123,1.0,0.907604,0.006396
fashion_mnist,proposed,123,1.5,0.898864,0.015136
fashion_mnist,proposed,123,2.0,0.896432,0.017568
fashion_mnist,proposed,123,3.0,0.885564,0.028436
fashion_mnist,proposed,123,4.0,0.872205,0.041795
fashion_mnist,proposed,123,5.0,0.859979,0.054021
fashion_mnist,proposed,256,0.0,0.9138,0.0002
fashion_mnist,proposed,256,0.5,0.91004,0.00396
fashion_mnist,proposed,256,1.0,0.905813,0.008187
fashion_mnist,proposed,256,1.5,0.90117,0.01283
fashion_mnist,proposed,256,2.0,0.895052,0.018948
fashion_mnist,proposed,256,3.0,0.886675,0.027325
fashion_mnist,proposed,256,4.0,0.874281,0.039719
fashion_mnist,proposed,256,5.0,0.861327,0.052673
fashion_mnist,proposed,512,0.0,0.913795,0.000205
fashion_mnist,proposed,512,0.5,0.908735,0.005265
fashion_mnist,proposed,512,1.0,0.904821,0.009179
fashion_mnist,proposed,512,1.5,0.897479,0.016521
fashion_mnist,proposed,512,2.0,0.89428,0.01972
fashion_mnist,proposed,512,3.0,0.88165,0.03235
fashion_mnist,proposed,512,4.0,0.876173,0.037827
fashion_mnist,proposed,512,5.0,0.859405,0.054595
fashion_mnist,proposed,1024,0.0,0.914058,-5.8e-05
fashion_mnist,proposed,1024,0.5,0.908793,0.005207
fashion_mnist,proposed,1024,1.0,0.902887,0.011113
fashion_mnist,proposed,1024,1.5,0.900806,0.013194
fashion_mnist,proposed,1024,2.0,0.896168,0.017832
fashion_mnist,proposed,1024,3.0,0.883796,0.030204
fashion_mnist,proposed,1024,4.0,0.874057,0.039943
fashion_mnist,proposed,1024,5.0,0.860895,0.053105
fashion_mnist,proposed,2024,0.0,0.914546,-0.000546
fashion_mnist,proposed,2024,0.5,0.908002,0.005998
fashion_mnist,proposed,2024,1.0,0.906326,0.007674
fashion_mnist,proposed,2024,1.5,0.898278,0.015722
fashion_mnist,proposed,2024,2.0,0.894745,0.019255
fashion_mnist,proposed,2024,3.0,0.883039,0.030961
fashion_mnist,proposed,2024,4.0,0.87294,0.04106
fashion_mnist,proposed,2024,5.0,0.859862,0.054138
fashion_mnist,proposed,4096,0.0,0.91213,0.00187
fashion_mnist,proposed,4096,0.5,0.911258,0.002742
fashion_mnist,proposed,4096,1.0,0.903971,0.010029
fashion_mnist,proposed,4096,1.5,0.90034,0.01366
fashion_mnist,proposed,4096,2.0,0.895898,0.018102
fashion_mnist,proposed,4096,3.0,0.881849,0.032151
fashion_mnist,proposed,4096,4.0,0.874107,0.039893
fashion_mnist,proposed,4096,5.0,0.856319,0.057681
fashion_mnist,proposed,8192,0.0,0.914524,-0.000524
fashion_mnist,proposed,8192,0.5,0.908776,0.005224
fashion_mnist,proposed,8192,1.0,0.90385,0.01015
fashion_mnist,proposed,8192,1.5,0.898653,0.015347
fashion_mnist,proposed,8192,2.0,0.894594,0.019406
fashion_mnist,proposed,8192,3.0,0.882666,0.031334
fashion_mnist,proposed,8192,4.0,0.873419,0.040581
fashion_mnist,proposed,8192,5.0,0.860357,0.053643
fashion_mnist,fixed_phase,42,0.0,0.8743,-0.004172
fashion_mnist,fixed_phase,42,0.5,0.860457,0.009671
fashion_mnist,fixed_phase,42,1.0,0.848595,0.021533
fashion_mnist,fixed_phase,42,1.5,0.838484,0.031644
fashion_mnist,fixed_phase,42,2.0,0.823209,0.046919
fashion_mnist,fixed_phase,42,3.0,0.79695,0.073178
fashion_mnist,fixed_phase,42,4.0,0.767322,0.102806
fashion_mnist,fixed_phase,42,5.0,0.730977,0.139151
fashion_mnist,fixed_phase,123,0.0,0.87063,-0.000502
fashion_mnist,fixed_phase,123,0.5,0.860335,0.009793
fashion_mnist,fixed_phase,123,1.0,0.849884,0.020244
fashion_mnist,fixed_phase,123,1.5,0.837055,0.033073
fashion_mnist,fixed_phase,123,2.0,0.825365,0.044763
fashion_mnist,fixed_phase,123,3.0,0.793299,0.076829
fashion_mnist,fixed_phase,123,4.0,0.766379,0.103749
fashion_mnist,fixed_phase,123,5.0,0.729673,0.140455
fashion_mnist,fixed_phase,256,0.0,0.872076,-0.001948
fashion_mnist,fixed_phase,256,0.5,0.861851,0.008277
fashion_mnist,fixed_phase,256,1.0,0.851882,0.018246
fashion_mnist,fixed_phase,256,1.5,0.836744,0.033384
fashion_mnist,fixed_phase,256,2.0,0.825076,0.045052
fashion_mnist,fixed_phase,256,3.0,0.795233,0.074895
fashion_mnist,fixed_phase,256,4.0,0.761824,0.108304
fashion_mnist,fixed_phase,256,5.0,0.734058,0.13607
fashion_mnist,fixed_phase,512,0.0,0.871588,-0.00146
fashion_mnist,fixed_phase,512,0.5,0.860437,0.009691
fashion_mnist,fixed_phase,512,1.0,0.850585,0.019543
fashion_mnist,fixed_phase,512,1.5,0.839686,0.030442
fashion_mnist,fixed_phase,512,2.0,0.824983,0.045145
fashion_mnist,fixed_phase,512,3.0,0.796748,0.07338
fashion_mnist,fixed_phase,512,4.0,0.764428,0.1057
fashion_mnist,fixed_phase,512,5.0,0.733294,0.136834
fashion_mnist,fixed_phase,1024,0.0,0.868832,0.001296
fashion_mnist,fixed_phase,1024,0.5,0.863171,0.006957
fashion_mnist,fixed_phase,1024,1.0,0.847145,0.022983
fashion_mnist,fixed_phase,1024,1.5,0.839031,0.031097
fashion_mnist,fixed_phase,1024,2.0,0.824816,0.045312
fashion_mnist,fixed_phase,1024,3.0,0.795875,0.074253
fashion_mnist,fixed_phase,1024,4.0,0.763971,0.106157
fashion_mnist,fixed_phase,1024,5.0,0.735127,0.135001
fashion_mnist,fixed_phase,2024,0.0,0.870192,-6.4e-05
fashion_mnist,fixed_phase,2024,0.5,0.86209,0.008038
fashion_mnist,fixed_phase,2024,1.0,0.848606,0.021522
fashion_mnist,fixed_phase,2024,1.5,0.837945,0.032183
fashion_mnist,fixed_phase,2024,2.0,0.823314,0.046814
fashion_mnist,fixed_phase,2024,3.0,0.797543,0.072585
fashion_mnist,fixed_phase,2024,4.0,0.765122,0.105006
fashion_mnist,fixed_phase,2024,5.0,0.735594,0.134534
fashion_mnist,fixed_phase,4096,0.0,0.869618,0.00051
fashion_mnist,fixed_phase,4096,0.5,0.86238,0.007748
fashion_mnist,fixed_phase,4096,1.0,0.848905,0.021223
fashion_mnist,fixed_phase,4096,1.5,0.837339,0.032789
fashion_mnist,fixed_phase,4096,2.0,0.822305,0.047823
fashion_mnist,fixed_phase,4096,3.0,0.795329,0.074799
fashion_mnist,fixed_phase,4096,4.0,0.764046,0.106082
fashion_mnist,fixed_phase,4096,5.0,0.732493,0.137635
fashion_mnist,fixed_phase,8192,0.0,0.872747,-0.002619
fashion_mnist,fixed_phase,8192,0.5,0.861387,0.008741
fashion_mnist,fixed_phase,8192,1.0,0.848806,0.021322
fashion_mnist,fixed_phase,8192,1.5,0.839225,0.030903
fashion_mnist,fixed_phase,8192,2.0,0.82616,0.043968
fashion_mnist,fixed_phase,8192,3.0,0.794708,0.07542
fashion_mnist,fixed_phase,8192,4.0,0.763022,0.107106
fashion_mnist,fixed_phase,8192,5.0,0.730582,0.139546
fashion_mnist,fixed_amplitude,42,0.0,0.867779,-0.002221
fashion_mnist,fixed_amplitude,42,0.5,0.855966,0.009592
fashion_mnist,fixed_amplitude,42,1.0,0.843776,0.021782
fashion_mnist,fixed_amplitude,42,1.5,0.833277,0.032281
fashion_mnist,fixed_amplitude,42,2.0,0.815946,0.049612
fashion_mnist,fixed_amplitude,42,3.0,0.789999,0.075559
fashion_mnist,fixed_amplitude,42,4.0,0.750752,0.114806
fashion_mnist,fixed_amplitude,42,5.0,0.719699,0.145859
fashion_mnist,fixed_amplitude,123,0.0,0.865384,0.000174
fashion_mnist,fixed_amplitude,123,0.5,0.85622,0.009338
fashion_mnist,fixed_amplitude,123,1.0,0.846699,0.018859
fashion_mnist,fixed_amplitude,123,1.5,0.830806,0.034752
fashion_mnist,fixed_amplitude,123,2.0,0.817082,0.048476
fashion_mnist,fixed_amplitude,123,3.0,0.785545,0.080013
fashion_mnist,fixed_amplitude,123,4.0,0.751742,0.113816
fashion_mnist,fixed_amplitude,123,5.0,0.71859,0.146968
fashion_mnist,fixed_amplitude,256,0.0,0.867542,-0.001984
fashion_mnist,fixed_amplitude,256,0.5,0.857252,0.008306
fashion_mnist,fixed_amplitude,256,1.0,0.843973,0.021585
fashion_mnist,fixed_amplitude,256,1.5,0.832453,0.033105
fashion_mnist,fixed_amplitude,256,2.0,0.814887,0.050671
fashion_mnist,fixed_amplitude,256,3.0,0.789463,0.076095
fashion_mnist,fixed_amplitude,256,4.0,0.754624,0.110934
fashion_mnist,fixed_amplitude,256,5.0,0.721187,0.144371
fashion_mnist,fixed_amplitude,512,0.0,0.862448,0.00311
fashion_mnist,fixed_amplitude,512,0.5,0.858173,0.007385
fashion_mnist,fixed_amplitude,512,1.0,0.844194,0.021364
fashion_mnist,fixed_amplitude,512,1.5,0.832312,0.033246
fashion_mnist,fixed_amplitude,512,2.0,0.817554,0.048004
fashion_mnist,fixed_amplitude,512,3.0,0.784285,0.081273
fashion_mnist,fixed_amplitude,512,4.0,0.751165,0.114393
fashion_mnist,fixed_amplitude,512,5.0,0.719585,0.145973
fashion_mnist,fixed_amplitude,1024,0.0,0.86512,0.000438
fashion_mnist,fixed_amplitude,1024,0.5,0.855561,0.009997
fashion_mnist,fixed_amplitude,1024,1.0,0.845936,0.019622
fashion_mnist,fixed_amplitude,1024,1.5,0.834035,0.031523
fashion_mnist,fixed_amplitude,1024,2.0,0.818141,0.047417
fashion_mnist,fixed_amplitude,1024,3.0,0.786398,0.07916
fashion_mnist,fixed_amplitude,1024,4.0,0.752846,0.112712
fashion_mnist,fixed_amplitude,1024,5.0,0.720595,0.144963
fashion_mnist,fixed_amplitude,2024,0.0,0.864497,0.001061
fashion_mnist,fixed_amplitude,2024,0.5,0.853164,0.012394
fashion_mnist,fixed_amplitude,2024,1.0,0.84357,0.021988
fashion_mnist,fixed_amplitude,2024,1.5,0.831939,0.033619
fashion_mnist,fixed_amplitude,2024,2.0,0.818407,0.047151
fashion_mnist,fixed_amplitude,2024,3.0,0.785947,0.079611
fashion_mnist,fixed_amplitude,2024,4.0,0.7546,0.110958
fashion_mnist,fixed_amplitude,2024,5.0,0.722275,0.143283
fashion_mnist,fixed_amplitude,4096,0.0,0.865891,-0.000333
fashion_mnist,fixed_amplitude,4096,0.5,0.855843,0.009715
fashion_mnist,fixed_amplitude,4096,1.0,0.84435,0.021208
fashion_mnist,fixed_amplitude,4096,1.5,0.829305,0.036253
fashion_mnist,fixed_amplitude,4096,2.0,0.817052,0.048506
fashion_mnist,fixed_amplitude,4096,3.0,0.788686,0.076872
fashion_mnist,fixed_amplitude,4096,4.0,0.755189,0.110369
fashion_mnist,fixed_amplitude,4096,5.0,0.718317,0.147241
fashion_mnist,fixed_amplitude,8192,0.0,0.86481,0.000748
fashion_mnist,fixed_amplitude,8192,0.5,0.854956,0.010602
fashion_mnist,fixed_amplitude,8192,1.0,0.844562,0.020996
fashion_mnist,fixed_amplitude,8192,1.5,0.83481,0.030748
fashion_mnist,fixed_amplitude,8192,2.0,0.817975,0.047583
fashion_mnist,fixed_amplitude,8192,3.0,0.785746,0.079812
fashion_mnist,fixed_amplitude,8192,4.0,0.75399,0.111568
fashion_mnist,fixed_amplitude,8192,5.0,0.7204,0.145158
fashion_mnist,random_unitary,42,0.0,0.823538,-0.000938
fashion_mnist,random_unitary,42,0.5,0.811726,0.010874
fashion_mnist,random_unitary,42,1.0,0.795878,0.026722
fashion_mnist,random_unitary,42,1.5,0.779027,0.043573
fashion_mnist,random_unitary,42,2.0,0.762757,0.059843
fashion_mnist,random_unitary,42,3.0,0.72077,0.10183
fashion_mnist,random_unitary,42,4.0,0.675282,0.147318
fashion_mnist,random_unitary,42,5.0,0.626685,0.195915
fashion_mnist,random_unitary,123,0.0,0.822783,-0.000183
fashion_mnist,random_unitary,123,0.5,0.81272,0.00988
fashion_mnist,random_unitary,123,1.0,0.795427,0.027173
fashion_mnist,random_unitary,123,1.5,0.778404,0.044196
fashion_mnist,random_unitary,123,2.0,0.759399,0.063201
fashion_mnist,random_unitary,123,3.0,0.720118,0.102482
fashion_mnist,random_unitary,123,4.0,0.673081,0.149519
fashion_mnist,random_unitary,123,5.0,0.624724,0.197876
fashion_mnist,random_unitary,256,0.0,0.822567,3.3e-05
fashion_mnist,random_unitary,256,0.5,0.810664,0.011936
fashion_mnist,random_unitary,256,1.0,0.800574,0.022026
fashion_mnist,random_unitary,256,1.5,0.777375,0.045225
fashion_mnist,random_unitary,256,2.0,0.75922,0.06338
fashion_mnist,random_unitary,256,3.0,0.717986,0.104614
fashion_mnist,random_unitary,256,4.0,0.675668,0.146932
fashion_mnist,random_unitary,256,5.0,0.62608,0.19652
fashion_mnist,random_unitary,512,0.0,0.820868,0.001732
fashion_mnist,random_unitary,512,0.5,0.80999,0.01261
fashion_mnist,random_unitary,512,1.0,0.797721,0.024879
fashion_mnist,random_unitary,512,1.5,0.780245,0.042355
fashion_mnist,random_unitary,512,2.0,0.759807,0.062793
fashion_mnist,random_unitary,512,3.0,0.719525,0.103075
fashion_mnist,random_unitary,512,4.0,0.671311,0.151289
fashion_mnist,random_unitary,512,5.0,0.625538,0.197062
fashion_mnist,random_unitary,1024,0.0,0.822404,0.000196
fashion_mnist,random_unitary,1024,0.5,0.812895,0.009705
fashion_mnist,random_unitary,1024,1.0,0.794127,0.028473
fashion_mnist,random_unitary,1024,1.5,0.779085,0.043515
fashion_mnist,random_unitary,1024,2.0,0.760533,0.062067
fashion_mnist,random_unitary,1024,3.0,0.717776,0.104824
fashion_mnist,random_unitary,1024,4.0,0.67517,0.14743
fashion_mnist,random_unitary,1024,5.0,0.62734,0.19526
fashion_mnist,random_unitary,2024,0.0,0.822025,0.000575
fashion_mnist,random_unitary,2024,0.5,0.81186,0.01074
fashion_mnist,random_unitary,2024,1.0,0.794605,0.027995
fashion_mnist,random_unitary,2024,1.5,0.776537,0.046063
fashion_mnist,random_unitary,2024,2.0,0.759304,0.063296
fashion_mnist,random_unitary,2024,3.0,0.717687,0.104913
fashion_mnist,random_unitary,2024,4.0,0.675818,0.146782
fashion_mnist,random_unitary,2024,5.0,0.623487,0.199113
fashion_mnist,random_unitary,4096,0.0,0.823963,-0.001363
fashion_mnist,random_unitary,4096,0.5,0.811715,0.010885
fashion_mnist,random_unitary,4096,1.0,0.796654,0.025946
fashion_mnist,random_unitary,4096,1.5,0.778914,0.043686
fashion_mnist,random_unitary,4096,2.0,0.760745,0.061855
fashion_mnist,random_unitary,4096,3.0,0.720278,0.102322
fashion_mnist,random_unitary,4096,4.0,0.672766,0.149834
fashion_mnist,random_unitary,4096,5.0,0.62451,0.19809
fashion_mnist,random_unitary,8192,0.0,0.823815,-0.001215
fashion_mnist,random_unitary,8192,0.5,0.809702,0.012898
fashion_mnist,random_unitary,8192,1.0,0.796221,0.026379
fashion_mnist,random_unitary,8192,1.5,0.778822,0.043778
fashion_mnist,random_unitary,8192,2.0,0.760979,0.061621
fashion_mnist,random_unitary,8192,3.0,0.715679,0.106921
fashion_mnist,random_unitary,8192,4.0,0.67293,0.14967
fashion_mnist,random_unitary,8192,5.0,0.624931,0.197669
fashion_mnist,mlp,42,0.0,0.898533,0.001757
fashion_mnist,mlp,42,0.5,0.891184,0.009106
fashion_mnist,mlp,42,1.0,0.882946,0.017344
fashion_mnist,mlp,42,1.5,0.871304,0.028986
fashion_mnist,mlp,42,2.0,0.860885,0.039405
fashion_mnist,mlp,42,3.0,0.834213,0.066077
fashion_mnist,mlp,42,4.0,0.808603,0.091687
fashion_mnist,mlp,42,5.0,0.777686,0.122604
fashion_mnist,mlp,123,0.0,0.899904,0.000386
fashion_mnist,mlp,123,0.5,0.89416,0.00613
fashion_mnist,mlp,123,1.0,0.88183,0.01846
fashion_mnist,mlp,123,1.5,0.871755,0.028535
fashion_mnist,mlp,123,2.0,0.859115,0.041175
fashion_mnist,mlp,123,3.0,0.83627,0.06402
fashion_mnist,mlp,123,4.0,0.811075,0.089215
fashion_mnist,mlp,123,5.0,0.78089,0.1194
fashion_mnist,mlp,256,0.0,0.897956,0.002334
fashion_mnist,mlp,256,0.5,0.890054,0.010236
fashion_mnist,mlp,256,1.0,0.881919,0.018371
fashion_mnist,mlp,256,1.5,0.871375,0.028915
fashion_mnist,mlp,256,2.0,0.861572,0.038718
fashion_mnist,mlp,256,3.0,0.836742,0.063548
fashion_mnist,mlp,256,4.0,0.80973,0.09056
fashion_mnist,mlp,256,5.0,0.77968,0.12061
fashion_mnist,mlp,512,0.0,0.901475,-0.001185
fashion_mnist,mlp,512,0.5,0.895358,0.004932
fashion_mnist,mlp,512,1.0,0.880795,0.019495
fashion_mnist,mlp,512,1.5,0.873132,0.027158
fashion_mnist,mlp,512,2.0,0.858895,0.041395
fashion_mnist,mlp,512,3.0,0.833598,0.066692
fashion_mnist,mlp,512,4.0,0.808373,0.091917
fashion_mnist,mlp,512,5.0,0.777616,0.122674
fashion_mnist,mlp,1024,0.0,0.900148,0.000142
fashion_mnist,mlp,1024,0.5,0.891681,0.008609
fashion_mnist,mlp,1024,1.0,0.882631,0.017659
fashion_mnist,mlp,1024,1.5,0.869484,0.030806
fashion_mnist,mlp,1024,2.0,0.859099,0.041191
fashion_mnist,mlp,1024,3.0,0.837519,0.062771
fashion_mnist,mlp,1024,4.0,0.806681,0.093609
fashion_mnist,mlp,1024,5.0,0.778801,0.121489
fashion_mnist,mlp,2024,0.0,0.900509,-0.000219
fashion_mnist,mlp,2024,0.5,0.892909,0.007381
fashion_mnist,mlp,2024,1.0,0.88197,0.01832
fashion_mnist,mlp,2024,1.5,0.870972,0.029318
fashion_mnist,mlp,2024,2.0,0.859048,0.041242
fashion_mnist,mlp,2024,3.0,0.836925,0.063365
fashion_mnist,mlp,2024,4.0,0.810167,0.090123
fashion_mnist,mlp,2024,5.0,0.780512,0.119778
fashion_mnist,mlp,4096,0.0,0.900929,-0.000639
fashion_mnist,mlp,4096,0.5,0.890356,0.009934
fashion_mnist,mlp,4096,1.0,0.881082,0.019208
fashion_mnist,mlp,4096,1.5,0.872513,0.027777
fashion_mnist,mlp,4096,2.0,0.860449,0.039841
fashion_mnist,mlp,4096,3.0,0.835152,0.065138
fashion_mnist,mlp,4096,4.0,0.81229,0.088
fashion_mnist,mlp,4096,5.0,0.781696,0.118594
fashion_mnist,mlp,8192,0.0,0.900213,7.7e-05
fashion_mnist,mlp,8192,0.5,0.890325,0.009965
fashion_mnist,mlp,8192,1.0,0.880502,0.019788
fashion_mnist,mlp,8192,1.5,0.87259,0.0277
fashion_mnist,mlp,8192,2.0,0.860879,0.039411
fashion_mnist,mlp,8192,3.0,0.835571,0.064719
fashion_mnist,mlp,8192,4.0,0.808798,0.091492
fashion_mnist,mlp,8192,5.0,0.780227,0.120063
fashion_mnist,cnn,42,0.0,0.917877,0.000693
fashion_mnist,cnn,42,0.5,0.913052,0.005518
fashion_mnist,cnn,42,1.0,0.902539,0.016031
fashion_mnist,cnn,42,1.5,0.891644,0.026926
fashion_mnist,cnn,42,2.0,0.883005,0.035565
fashion_mnist,cnn,42,3.0,0.863468,0.055102
fashion_mnist,cnn,42,4.0,0.840347,0.078223
fashion_mnist,cnn,42,5.0,0.813911,0.104659
fashion_mnist,cnn,123,0.0,0.921205,-0.002635
fashion_mnist,cnn,123,0.5,0.910676,0.007894
fashion_mnist,cnn,123,1.0,0.900154,0.018416
fashion_mnist,cnn,123,1.5,0.891787,0.026783
fashion_mnist,cnn,123,2.0,0.880199,0.038371
fashion_mnist,cnn,123,3.0,0.861643,0.056927
fashion_mnist,cnn,123,4.0,0.83805,0.08052
fashion_mnist,cnn,123,5.0,0.817893,0.100677
fashion_mnist,cnn,256,0.0,0.91776,0.00081
fashion_mnist,cnn,256,0.5,0.912048,0.006522
fashion_mnist,cnn,256,1.0,0.904987,0.013583
fashion_mnist,cnn,256,1.5,0.895577,0.022993
fashion_mnist,cnn,256,2.0,0.885021,0.033549
fashion_mnist,cnn,256,3.0,0.865192,0.053378
fashion_mnist,cnn,256,4.0,0.84083,0.07774
fashion_mnist,cnn,256,5.0,0.815031,0.103539
fashion_mnist,cnn,512,0.0,0.919843,-0.001273
fashion_mnist,cnn,512,0.5,0.91091,0.00766
fashion_mnist,cnn,512,1.0,0.903955,0.014615
fashion_mnist,cnn,512,1.5,0.893106,0.025464
fashion_mnist,cnn,512,2.0,0.883213,0.035357
fashion_mnist,cnn,512,3.0,0.864286,0.054284
fashion_mnist,cnn,512,4.0,0.83994,0.07863
fashion_mnist,cnn,512,5.0,0.816852,0.101718
fashion_mnist,cnn,1024,0.0,0.917019,0.001551
fashion_mnist,cnn,1024,0.5,0.910414,0.008156
fashion_mnist,cnn,1024,1.0,0.903692,0.014878
fashion_mnist,cnn,1024,1.5,0.893891,0.024679
fashion_mnist,cnn,1024,2.0,0.882673,0.035897
fashion_mnist,cnn,1024,3.0,0.862015,0.056555
fashion_mnist,cnn,1024,4.0,0.837075,0.081495
fashion_mnist,cnn,1024,5.0,0.814838,0.103732
fashion_mnist,cnn,2024,0.0,0.921218,-0.002648
fashion_mnist,cnn,2024,0.5,0.911121,0.007449
fashion_mnist,cnn,2024,1.0,0.903663,0.014907
fashion_mnist,cnn,2024,1.5,0.893627,0.024943
fashion_mnist,cnn,2024,2.0,0.885012,0.033558
fashion_mnist,cnn,2024,3.0,0.861172,0.057398
fashion_mnist,cnn,2024,4.0,0.841518,0.077052
fashion_mnist,cnn,2024,5.0,0.816419,0.102151
fashion_mnist,cnn,4096,0.0,0.917232,0.001338
fashion_mnist,cnn,4096,0.5,0.91335,0.00522
fashion_mnist,cnn,4096,1.0,0.902987,0.015583
fashion_mnist,cnn,4096,1.5,0.891955,0.026615
fashion_mnist,cnn,4096,2.0,0.882684,0.035886
fashion_mnist,cnn,4096,3.0,0.858845,0.059725
fashion_mnist,cnn,4096,4.0,0.841813,0.076757
fashion_mnist,cnn,4096,5.0,0.816819,0.101751
fashion_mnist,cnn,8192,0.0,0.918307,0.000263
fashion_mnist,cnn,8192,0.5,0.911878,0.006692
fashion_mnist,cnn,8192,1.0,0.904913,0.013657
fashion_mnist,cnn,8192,1.5,0.891707,0.026863
fashion_mnist,cnn,8192,2.0,0.884485,0.034085
fashion_mnist,cnn,8192,3.0,0.860073,0.058497
fashion_mnist,cnn,8192,4.0,0.839129,0.079441
fashion_mnist,cnn,8192,5.0,0.816663,0.101907
cifar10,proposed,42,0.0,0.744426,-0.002426
cifar10,proposed,42,0.5,0.735305,0.006695
cifar10,proposed,42,1.0,0.731296,0.010704
cifar10,proposed,42,1.5,0.729463,0.012537
cifar10,proposed,42,2.0,0.721407,0.020593
cifar10,proposed,42,3.0,0.710759,0.031241
cifar10,proposed,42,4.0,0.701946,0.040054
cifar10,proposed,42,5.0,0.686677,0.055323
cifar10,proposed,123,0.0,0.741528,0.000472
cifar10,proposed,123,0.5,0.734289,0.007711
cifar10,proposed,123,1.0,0.73509,0.00691
cifar10,proposed,123,1.5,0.727957,0.014043
cifar10,proposed,123,2.0,0.720344,0.021656
cifar10,proposed,123,3.0,0.711718,0.030282
cifar10,proposed,123,4.0,0.701476,0.040524
cifar10,proposed,123,5.0,0.687464,0.054536
cifar10,proposed,256,0.0,0.744928,-0.002928
cifar10,proposed,256,0.5,0.737703,0.004297
cifar10,proposed,256,1.0,0.732507,0.009493
cifar10,proposed,256,1.5,0.727681,0.014319
cifar10,proposed,256,2.0,0.722347,0.019653
cifar10,proposed,256,3.0,0.711142,0.030858
cifar10,proposed,256,4.0,0.701807,0.040193
cifar10,proposed,256,5.0,0.688685,0.053315
cifar10,proposed,512,0.0,0.741603,0.000397
cifar10,proposed,512,0.5,0.737996,0.004004
cifar10,proposed,512,1.0,0.73366,0.00834
cifar10,proposed,512,1.5,0.726868,0.015132
cifar10,proposed,512,2.0,0.720447,0.021553
cifar10,proposed,512,3.0,0.713176,0.028824
cifar10,proposed,512,4.0,0.69886,0.04314
cifar10,proposed,512,5.0,0.689462,0.052538
cifar10,proposed,1024,0.0,0.741201,0.000799
cifar10,proposed,1024,0.5,0.73635,0.00565
cifar10,proposed,1024,1.0,0.734076,0.007924
cifar10,proposed,1024,1.5,0.726536,0.015464
cifar10,proposed,1024,2.0,0.721097,0.020903
cifar10,proposed,1024,3.0,0.712529,0.029471
cifar10,proposed,1024,4.0,0.699942,0.042058
cifar10,proposed,1024,5.0,0.686707,0.055293
cifar10,proposed,2024,0.0,0.743467,-0.001467
cifar10,proposed,2024,0.5,0.740002,0.001998
cifar10,proposed,2024,1.0,0.732305,0.009695
cifar10,proposed,2024,1.5,0.726591,0.015409
cifar10,proposed,2024,2.0,0.722529,0.019471
cifar10,proposed,2024,3.0,0.712795,0.029205
cifar10,proposed,2024,4.0,0.698514,0.043486
cifar10,proposed,2024,5.0,0.691245,0.050755
cifar10,proposed,4096,0.0,0.741682,0.000318
cifar10,proposed,4096,0.5,0.736583,0.005417
cifar10,proposed,4096,1.0,0.731545,0.010455
cifar10,proposed,4096,1.5,0.727571,0.014429
cifar10,proposed,4096,2.0,0.721658,0.020342
cifar10,proposed,4096,3.0,0.713212,0.028788
cifar10,proposed,4096,4.0,0.697763,0.044237
cifar10,proposed,4096,5.0,0.689886,0.052114
cifar10,proposed,8192,0.0,0.743965,-0.001965
cifar10,proposed,8192,0.5,0.737223,0.004777
cifar10,proposed,8192,1.0,0.732815,0.009185
cifar10,proposed,8192,1.5,0.727328,0.014672
cifar10,proposed,8192,2.0,0.724402,0.017598
cifar10,proposed,8192,3.0,0.712628,0.029372
cifar10,proposed,8192,4.0,0.701194,0.040806
cifar10,proposed,8192,5.0,0.685915,0.056085
cifar10,fixed_phase,42,0.0,0.70682,-0.000436
cifar10,fixed_phase,42,0.5,0.698274,0.00811
cifar10,fixed_phase,42,1.0,0.684676,0.021708
cifar10,fixed_phase,42,1.5,0.675756,0.030628
cifar10,fixed_phase,42,2.0,0.659231,0.047153
cifar10,fixed_phase,42,3.0,0.632893,0.073491
cifar10,fixed_phase,42,4.0,0.600089,0.106295
cifar10,fixed_phase,42,5.0,0.568211,0.138173
cifar10,fixed_phase,123,0.0,0.70969,-0.003306
cifar10,fixed_phase,123,0.5,0.695108,0.011276
cifar10,fixed_phase,123,1.0,0.685905,0.020479
cifar10,fixed_phase,123,1.5,0.673717,0.032667
cifar10,fixed_phase,123,2.0,0.660442,0.045942
cifar10,fixed_phase,123,3.0,0.631409,0.074975
cifar10,fixed_phase,123,4.0,0.601365,0.105019
cifar10,fixed_phase,123,5.0,0.567879,0.138505
cifar10,fixed_phase,256,0.0,0.704928,0.001456
cifar10,fixed_phase,256,0.5,0.694424,0.01196
cifar10,fixed_phase,256,1.0,0.686215,0.020169
cifar10,fixed_phase,256,1.5,0.676325,0.030059
cifar10,fixed_phase,256,2.0,0.661503,0.044881
cifar10,fixed_phase,256,3.0,0.632917,0.073467
cifar10,fixed_phase,256,4.0,0.601279,0.105105
cifar10,fixed_phase,256,5.0,0.572262,0.134122
cifar10,fixed_phase,512,0.0,0.707284,-0.0009
cifar10,fixed_phase,512,0.5,0.696925,0.009459
cifar10,fixed_phase,512,1.0,0.685563,0.020821
cifar10,fixed_phase,512,1.5,0.67356,0.032824
cifar10,fixed_phase,512,2.0,0.659899,0.046485
cifar10,fixed_phase,512,3.0,0.635201,0.071183
cifar10,fixed_phase,512,4.0,0.60033,0.106054
cifar10,fixed_phase,512,5.0,0.569472,0.136912
cifar10,fixed_phase,1024,0.0,0.707718,-0.001334
cifar10,fixed_phase,1024,0.5,0.694815,0.011569
cifar10,fixed_phase,1024,1.0,0.686917,0.019467
cifar10,fixed_phase,1024,1.5,0.673342,0.033042
cifar10,fixed_phase,1024,2.0,0.661046,0.045338
cifar10,fixed_phase,1024,3.0,0.634188,0.072196
cifar10,fixed_phase,1024,4.0,0.600847,0.105537
cifar10,fixed_phase,1024,5.0,0.567092,0.139292
cifar10,fixed_phase,2024,0.0,0.707736,-0.001352
cifar10,fixed_phase,2024,0.5,0.697105,0.009279
cifar10,fixed_phase,2024,1.0,0.68861,0.017774
cifar10,fixed_phase,2024,1.5,0.67252,0.033864
cifar10,fixed_phase,2024,2.0,0.659597,0.046787
cifar10,fixed_phase,2024,3.0,0.634495,0.071889
cifar10,fixed_phase,2024,4.0,0.601536,0.104848
cifar10,fixed_phase,2024,5.0,0.568747,0.137637
cifar10,fixed_phase,4096,0.0,0.709165,-0.002781
cifar10,fixed_phase,4096,0.5,0.696783,0.009601
cifar10,fixed_phase,4096,1.0,0.687813,0.018571
cifar10,fixed_phase,4096,1.5,0.675817,0.030567
cifar10,fixed_phase,4096,2.0,0.660479,0.045905
cifar10,fixed_phase,4096,3.0,0.631057,0.075327
cifar10,fixed_phase,4096,4.0,0.596243,0.110141
cifar10,fixed_phase,4096,5.0,0.568925,0.137459
cifar10,fixed_phase,8192,0.0,0.70596,0.000424
cifar10,fixed_phase,8192,0.5,0.698574,0.00781
cifar10,fixed_phase,8192,1.0,0.687685,0.018699
cifar10,fixed_phase,8192,1.5,0.673508,0.032876
cifar10,fixed_phase,8192,2.0,0.661777,0.044607
cifar10,fixed_phase,8192,3.0,0.63205,0.074334
cifar10,fixed_phase,8192,4.0,0.600046,0.106338
cifar10,fixed_phase,8192,5.0,0.568809,0.137575
cifar10,fixed_amplitude,42,0.0,0.701568,0.001106
cifar10,fixed_amplitude,42,0.5,0.690191,0.012483
cifar10,fixed_amplitude,42,1.0,0.679186,0.023488
cifar10,fixed_amplitude,42,1.5,0.666529,0.036145
cifar10,fixed_amplitude,42,2.0,0.655203,0.047471
cifar10,fixed_amplitude,42,3.0,0.624743,0.077931
cifar10,fixed_amplitude,42,4.0,0.590248,0.112426
cifar10,fixed_amplitude,42,5.0,0.555145,0.147529
cifar10,fixed_amplitude,123,0.0,0.704155,-0.001481
cifar10,fixed_amplitude,123,0.5,0.695601,0.007073
cifar10,fixed_amplitude,123,1.0,0.68404,0.018634
cifar10,fixed_amplitude,123,1.5,0.668569,0.034105
cifar10,fixed_amplitude,123,2.0,0.654706,0.047968
cifar10,fixed_amplitude,123,3.0,0.623297,0.079377
cifar10,fixed_amplitude,123,4.0,0.593134,0.10954
cifar10,fixed_amplitude,123,5.0,0.558456,0.144218
cifar10,fixed_amplitude,256,0.0,0.702997,-0.000323
cifar10,fixed_amplitude,256,0.5,0.691436,0.011238
cifar10,fixed_amplitude,256,1.0,0.683192,0.019482
cifar10,fixed_amplitude,256,1.5,0.667098,0.035576
cifar10,fixed_amplitude,256,2.0,0.655553,0.047121
cifar10,fixed_amplitude,256,3.0,0.625822,0.076852
cifar10,fixed_amplitude,256,4.0,0.59328,0.109394
cifar10,fixed_amplitude,256,5.0,0.555158,0.147516
cifar10,fixed_amplitude,512,0.0,0.702947,-0.000273
cifar10,fixed_amplitude,512,0.5,0.693463,0.009211
cifar10,fixed_amplitude,512,1.0,0.683281,0.019393
cifar10,fixed_amplitude,512,1.5,0.670513,0.032161
cifar10,fixed_amplitude,512,2.0,0.65629,0.046384
cifar10,fixed_amplitude,512,3.0,0.622622,0.080052
cifar10,fixed_amplitude,512,4.0,0.591449,0.111225
cifar10,fixed_amplitude,512,5.0,0.554995,0.147679
cifar10,fixed_amplitude,1024,0.0,0.704222,-0.001548
cifar10,fixed_amplitude,1024,0.5,0.697007,0.005667
cifar10,fixed_amplitude,1024,1.0,0.68359,0.019084
cifar10,fixed_amplitude,1024,1.5,0.668118,0.034556
cifar10,fixed_amplitude,1024,2.0,0.653429,0.049245
cifar10,fixed_amplitude,1024,3.0,0.624341,0.078333
cifar10,fixed_amplitude,1024,4.0,0.589087,0.113587
cifar10,fixed_amplitude,1024,5.0,0.555217,0.147457
cifar10,fixed_amplitude,2024,0.0,0.69929,0.003384
cifar10,fixed_amplitude,2024,0.5,0.695471,0.007203
cifar10,fixed_amplitude,2024,1.0,0.68179,0.020884
cifar10,fixed_amplitude,2024,1.5,0.668911,0.033763
cifar10,fixed_amplitude,2024,2.0,0.656714,0.04596
cifar10,fixed_amplitude,2024,3.0,0.624838,0.077836
cifar10,fixed_amplitude,2024,4.0,0.590393,0.112281
cifar10,fixed_amplitude,2024,5.0,0.555674,0.147
cifar10,fixed_amplitude,4096,0.0,0.70005,0.002624
cifar10,fixed_amplitude,4096,0.5,0.692349,0.010325
cifar10,fixed_amplitude,4096,1.0,0.678444,0.02423
cifar10,fixed_amplitude,4096,1.5,0.667445,0.035229
cifar10,fixed_amplitude,4096,2.0,0.652869,0.049805
cifar10,fixed_amplitude,4096,3.0,0.622788,0.079886
cifar10,fixed_amplitude,4096,4.0,0.590795,0.111879
cifar10,fixed_amplitude,4096,5.0,0.553629,0.149045
cifar10,fixed_amplitude,8192,0.0,0.703798,-0.001124
cifar10,fixed_amplitude,8192,0.5,0.692201,0.010473
cifar10,fixed_amplitude,8192,1.0,0.682142,0.020532
cifar10,fixed_amplitude,8192,1.5,0.668509,0.034165
cifar10,fixed_amplitude,8192,2.0,0.655329,0.047345
cifar10,fixed_amplitude,8192,3.0,0.624217,0.078457
cifar10,fixed_amplitude,8192,4.0,0.592133,0.110541
cifar10,fixed_amplitude,8192,5.0,0.555372,0.147302
cifar10,random_unitary,42,0.0,0.669899,-0.002099
cifar10,random_unitary,42,0.5,0.657782,0.010018
cifar10,random_unitary,42,1.0,0.640109,0.027691
cifar10,random_unitary,42,1.5,0.625505,0.042295
cifar10,random_unitary,42,2.0,0.60426,0.06354
cifar10,random_unitary,42,3.0,0.561468,0.106332
cifar10,random_unitary,42,4.0,0.517025,0.150775
cifar10,random_unitary,42,5.0,0.469089,0.198711
cifar10,random_unitary,123,0.0,0.66718,0.00062
cifar10,random_unitary,123,0.5,0.655104,0.012696
cifar10,random_unitary,123,1.0,0.639856,0.027944
cifar10,random_unitary,123,1.5,0.621022,0.046778
cifar10,random_unitary,123,2.0,0.605692,0.062108
cifar10,random_unitary,123,3.0,0.566505,0.101295
cifar10,random_unitary,123,4.0,0.517781,0.150019
cifar10,random_unitary,123,5.0,0.468856,0.198944
cifar10,random_unitary,256,0.0,0.670169,-0.002369
cifar10,random_unitary,256,0.5,0.655278,0.012522
cifar10,random_unitary,256,1.0,0.639656,0.028144
cifar10,random_unitary,256,1.5,0.626286,0.041514
cifar10,random_unitary,256,2.0,0.605384,0.062416
cifar10,random_unitary,256,3.0,0.564432,0.103368
cifar10,random_unitary,256,4.0,0.519613,0.148187
cifar10,random_unitary,256,5.0,0.471126,0.196674
cifar10,random_unitary,512,0.0,0.665293,0.002507
cifar10,random_unitary,512,0.5,0.657059,0.010741
cifar10,random_unitary,512,1.0,0.643149,0.024651
cifar10,random_unitary,512,1.5,0.626477,0.041323
cifar10,random_unitary,512,2.0,0.603014,0.064786
cifar10,random_unitary,512,3.0,0.564496,0.103304
cifar10,random_unitary,512,4.0,0.51905,0.14875
cifar10,random_unitary,512,5.0,0.469114,0.198686
cifar10,random_unitary,1024,0.0,0.668834,-0.001034
cifar10,random_unitary,1024,0.5,0.656656,0.011144
cifar10,random_unitary,1024,1.0,0.641523,0.026277
cifar10,random_unitary,1024,1.5,0.624445,0.043355
cifar10,random_unitary,1024,2.0,0.606669,0.061131
cifar10,random_unitary,1024,3.0,0.563312,0.104488
cifar10,random_unitary,1024,4.0,0.518904,0.148896
cifar10,random_unitary,1024,5.0,0.470534,0.197266
cifar10,random_unitary,2024,0.0,0.668568,-0.000768
cifar10,random_unitary,2024,0.5,0.655852,0.011948
cifar10,random_unitary,2024,1.0,0.640877,0.026923
cifar10,random_unitary,2024,1.5,0.625176,0.042624
cifar10,random_unitary,2024,2.0,0.602996,0.064804
cifar10,random_unitary,2024,3.0,0.564724,0.103076
cifar10,random_unitary,2024,4.0,0.519298,0.148502
cifar10,random_unitary,2024,5.0,0.472814,0.194986
cifar10,random_unitary,4096,0.0,0.668381,-0.000581
cifar10,random_unitary,4096,0.5,0.658688,0.009112
cifar10,random_unitary,4096,1.0,0.639595,0.028205
cifar10,random_unitary,4096,1.5,0.623379,0.044421
cifar10,random_unitary,4096,2.0,0.607992,0.059808
cifar10,random_unitary,4096,3.0,0.561978,0.105822
cifar10,random_unitary,4096,4.0,0.518386,0.149414
cifar10,random_unitary,4096,5.0,0.470277,0.197523
cifar10,random_unitary,8192,0.0,0.66663,0.00117
cifar10,random_unitary,8192,0.5,0.653723,0.014077
cifar10,random_unitary,8192,1.0,0.640758,0.027042
cifar10,random_unitary,8192,1.5,0.62274,0.04506
cifar10,random_unitary,8192,2.0,0.605916,0.061884
cifar10,random_unitary,8192,3.0,0.561133,0.106667
cifar10,random_unitary,8192,4.0,0.520084,0.147716
cifar10,random_unitary,8192,5.0,0.46832,0.19948
cifar10,mlp,42,0.0,0.732747,-0.001877
cifar10,mlp,42,0.5,0.72469,0.00618
cifar10,mlp,42,1.0,0.711375,0.019495
cifar10,mlp,42,1.5,0.701777,0.029093
cifar10,mlp,42,2.0,0.689965,0.040905
cifar10,mlp,42,3.0,0.665438,0.065432
cifar10,mlp,42,4.0,0.637222,0.093648
cifar10,mlp,42,5.0,0.611279,0.119591
cifar10,mlp,123,0.0,0.731195,-0.000325
cifar10,mlp,123,0.5,0.721877,0.008993
cifar10,mlp,123,1.0,0.71174,0.01913
cifar10,mlp,123,1.5,0.699256,0.031614
cifar10,mlp,123,2.0,0.691904,0.038966
cifar10,mlp,123,3.0,0.663276,0.067594
cifar10,mlp,123,4.0,0.639677,0.091193
cifar10,mlp,123,5.0,0.610592,0.120278
cifar10,mlp,256,0.0,0.730476,0.000394
cifar10,mlp,256,0.5,0.727116,0.003754
cifar10,mlp,256,1.0,0.714831,0.016039
cifar10,mlp,256,1.5,0.701886,0.028984
cifar10,mlp,256,2.0,0.689721,0.041149
cifar10,mlp,256,3.0,0.666998,0.063872
cifar10,mlp,256,4.0,0.639991,0.090879
cifar10,mlp,256,5.0,0.609862,0.121008
cifar10,mlp,512,0.0,0.731178,-0.000308
cifar10,mlp,512,0.5,0.72555,0.00532
cifar10,mlp,512,1.0,0.712982,0.017888
cifar10,mlp,512,1.5,0.702985,0.027885
cifar10,mlp,512,2.0,0.689318,0.041552
cifar10,mlp,512,3.0,0.667528,0.063342
cifar10,mlp,512,4.0,0.640115,0.090755
cifar10,mlp,512,5.0,0.61203,0.11884
cifar10,mlp,1024,0.0,0.730996,-0.000126
cifar10,mlp,1024,0.5,0.724246,0.006624
cifar10,mlp,1024,1.0,0.712588,0.018282
cifar10,mlp,1024,1.5,0.704113,0.026757
cifar10,mlp,1024,2.0,0.690602,0.040268
cifar10,mlp,1024,3.0,0.666769,0.064101
cifar10,mlp,1024,4.0,0.637066,0.093804
cifar10,mlp,1024,5.0,0.606975,0.123895
cifar10,mlp,2024,0.0,0.728264,0.002606
cifar10,mlp,2024,0.5,0.724753,0.006117
cifar10,mlp,2024,1.0,0.71202,0.01885
cifar10,mlp,2024,1.5,0.699121,0.031749
cifar10,mlp,2024,2.0,0.689689,0.041181
cifar10,mlp,2024,3.0,0.666741,0.064129
cifar10,mlp,2024,4.0,0.639681,0.091189
cifar10,mlp,2024,5.0,0.609512,0.121358
cifar10,mlp,4096,0.0,0.735639,-0.004769
cifar10,mlp,4096,0.5,0.721726,0.009144
cifar10,mlp,4096,1.0,0.71103,0.01984
cifar10,mlp,4096,1.5,0.703025,0.027845
cifar10,mlp,4096,2.0,0.690732,0.040138
cifar10,mlp,4096,3.0,0.666196,0.064674
cifar10,mlp,4096,4.0,0.641175,0.089695
cifar10,mlp,4096,5.0,0.609434,0.121436
cifar10,mlp,8192,0.0,0.729969,0.000901
cifar10,mlp,8192,0.5,0.723326,0.007544
cifar10,mlp,8192,1.0,0.710933,0.019937
cifar10,mlp,8192,1.5,0.702743,0.028127
cifar10,mlp,8192,2.0,0.692559,0.038311
cifar10,mlp,8192,3.0,0.667598,0.063272
cifar10,mlp,8192,4.0,0.639195,0.091675
cifar10,mlp,8192,5.0,0.608429,0.122441
cifar10,cnn,42,0.0,0.746497,-0.000787
cifar10,cnn,42,0.5,0.73762,0.00809
cifar10,cnn,42,1.0,0.731034,0.014676
cifar10,cnn,42,1.5,0.720689,0.025021
cifar10,cnn,42,2.0,0.710345,0.035365
cifar10,cnn,42,3.0,0.689766,0.055944
cifar10,cnn,42,4.0,0.665765,0.079945
cifar10,cnn,42,5.0,0.643279,0.102431
cifar10,cnn,123,0.0,0.747194,-0.001484
cifar10,cnn,123,0.5,0.739542,0.006168
cifar10,cnn,123,1.0,0.729643,0.016067
cifar10,cnn,123,1.5,0.718143,0.027567
cifar10,cnn,123,2.0,0.707909,0.037801
cifar10,cnn,123,3.0,0.692025,0.053685
cifar10,cnn,123,4.0,0.665607,0.080103
cifar10,cnn,123,5.0,0.643067,0.102643
cifar10,cnn,256,0.0,0.746942,-0.001232
cifar10,cnn,256,0.5,0.736407,0.009303
cifar10,cnn,256,1.0,0.727707,0.018003
cifar10,cnn,256,1.5,0.719641,0.026069
cifar10,cnn,256,2.0,0.707864,0.037846
cifar10,cnn,256,3.0,0.689374,0.056336
cifar10,cnn,256,4.0,0.668345,0.077365
cifar10,cnn,256,5.0,0.642097,0.103613
cifar10,cnn,512,0.0,0.747352,-0.001642
cifar10,cnn,512,0.5,0.739911,0.005799
cifar10,cnn,512,1.0,0.728742,0.016968
cifar10,cnn,512,1.5,0.722512,0.023198
cifar10,cnn,512,2.0,0.708008,0.037702
cifar10,cnn,512,3.0,0.688982,0.056728
cifar10,cnn,512,4.0,0.666286,0.079424
cifar10,cnn,512,5.0,0.643181,0.102529
cifar10,cnn,1024,0.0,0.747424,-0.001714
cifar10,cnn,1024,0.5,0.738026,0.007684
cifar10,cnn,1024,1.0,0.730388,0.015322
cifar10,cnn,1024,1.5,0.720396,0.025314
cifar10,cnn,1024,2.0,0.708567,0.037143
cifar10,cnn,1024,3.0,0.6904,0.05531
cifar10,cnn,1024,4.0,0.666648,0.079062
cifar10,cnn,1024,5.0,0.643632,0.102078
cifar10,cnn,2024,0.0,0.744356,0.001354
cifar10,cnn,2024,0.5,0.736826,0.008884
cifar10,cnn,2024,1.0,0.72804,0.01767
cifar10,cnn,2024,1.5,0.717861,0.027849
cifar10,cnn,2024,2.0,0.712464,0.033246
cifar10,cnn,2024,3.0,0.688958,0.056752
cifar10,cnn,2024,4.0,0.666068,0.079642
cifar10,cnn,2024,5.0,0.639412,0.106298
cifar10,cnn,4096,0.0,0.746757,-0.001047
cifar10,cnn,4096,0.5,0.73703,0.00868
cifar10,cnn,4096,1.0,0.730722,0.014988
cifar10,cnn,4096,1.5,0.720576,0.025134
cifar10,cnn,4096,2.0,0.711287,0.034423
cifar10,cnn,4096,3.0,0.690297,0.055413
cifar10,cnn,4096,4.0,0.665657,0.080053
cifar10,cnn,4096,5.0,0.641604,0.104106
cifar10,cnn,8192,0.0,0.743878,0.001832
cifar10,cnn,8192,0.5,0.739649,0.006061
cifar10,cnn,8192,1.0,0.727074,0.018636
cifar10,cnn,8192,1.5,0.720935,0.024775
cifar10,cnn,8192,2.0,0.712385,0.033325
cifar10,cnn,8192,3.0,0.693356,0.052354
cifar10,cnn,8192,4.0,0.66793,0.07778
cifar10,cnn,8192,5.0,0.643374,0.102336
qam16,proposed,42,0.0,0.953049,0.000951
qam16,proposed,42,0.5,0.949324,0.004676
qam16,proposed,42,1.0,0.944671,0.009329
qam16,proposed,42,1.5,0.940562,0.013438
qam16,proposed,42,2.0,0.935978,0.018022
qam16,proposed,42,3.0,0.926528,0.027472
qam16,proposed,42,4.0,0.914785,0.039215
qam16,proposed,42,5.0,0.899269,0.054731
qam16,proposed,123,0.0,0.95307,0.00093
qam16,proposed,123,0.5,0.948821,0.005179
qam16,proposed,123,1.0,0.94492,0.00908
qam16,proposed,123,1.5,0.940812,0.013188
qam16,proposed,123,2.0,0.936344,0.017656
qam16,proposed,123,3.0,0.92135,0.03265
qam16,proposed,123,4.0,0.913457,0.040543
qam16,proposed,123,5.0,0.901055,0.052945
qam16,proposed,256,0.0,0.956729,-0.002729
qam16,proposed,256,0.5,0.950586,0.003414
qam16,proposed,256,1.0,0.945261,0.008739
qam16,proposed,256,1.5,0.938926,0.015074
qam16,proposed,256,2.0,0.935457,0.018543
qam16,proposed,256,3.0,0.922558,0.031442
qam16,proposed,256,4.0,0.911876,0.042124
qam16,proposed,256,5.0,0.898828,0.055172
qam16,proposed,512,0.0,0.952363,0.001637
qam16,proposed,512,0.5,0.949064,0.004936
qam16,proposed,512,1.0,0.944145,0.009855
qam16,proposed,512,1.5,0.939973,0.014027
qam16,proposed,512,2.0,0.938218,0.015782
qam16,proposed,512,3.0,0.924432,0.029568
qam16,proposed,512,4.0,0.913186,0.040814
qam16,proposed,512,5.0,0.898996,0.055004
qam16,proposed,1024,0.0,0.953579,0.000421
qam16,proposed,1024,0.5,0.949495,0.004505
qam16,proposed,1024,1.0,0.942407,0.011593
qam16,proposed,1024,1.5,0.941292,0.012708
qam16,proposed,1024,2.0,0.934996,0.019004
qam16,proposed,1024,3.0,0.92499,0.02901
qam16,proposed,1024,4.0,0.911441,0.042559
qam16,proposed,1024,5.0,0.901467,0.052533
qam16,proposed,2024,0.0,0.954184,-0.000184
qam16,proposed,2024,0.5,0.948983,0.005017
qam16,proposed,2024,1.0,0.945311,0.008689
qam16,proposed,2024,1.5,0.940735,0.013265
qam16,proposed,2024,2.0,0.935114,0.018886
qam16,proposed,2024,3.0,0.92321,0.03079
qam16,proposed,2024,4.0,0.911806,0.042194
qam16,proposed,2024,5.0,0.900058,0.053942
qam16,proposed,4096,0.0,0.955226,-0.001226
qam16,proposed,4096,0.5,0.948747,0.005253
qam16,proposed,4096,1.0,0.945353,0.008647
qam16,proposed,4096,1.5,0.940877,0.013123
qam16,proposed,4096,2.0,0.934207,0.019793
qam16,proposed,4096,3.0,0.921755,0.032245
qam16,proposed,4096,4.0,0.91269,0.04131
qam16,proposed,4096,5.0,0.899259,0.054741
qam16,proposed,8192,0.0,0.954513,-0.000513
qam16,proposed,8192,0.5,0.951009,0.002991
qam16,proposed,8192,1.0,0.946549,0.007451
qam16,proposed,8192,1.5,0.940893,0.013107
qam16,proposed,8192,2.0,0.934235,0.019765
qam16,proposed,8192,3.0,0.924056,0.029944
qam16,proposed,8192,4.0,0.911905,0.042095
qam16,proposed,8192,5.0,0.89922,0.05478
qam16,fixed_phase,42,0.0,0.907708,0.0005
qam16,fixed_phase,42,0.5,0.897723,0.010485
qam16,fixed_phase,42,1.0,0.885847,0.022361
qam16,fixed_phase,42,1.5,0.875828,0.03238
qam16,fixed_phase,42,2.0,0.861156,0.047052
qam16,fixed_phase,42,3.0,0.833291,0.074917
qam16,fixed_phase,42,4.0,0.805013,0.103195
qam16,fixed_phase,42,5.0,0.768326,0.139882
qam16,fixed_phase,123,0.0,0.908391,-0.000183
qam16,fixed_phase,123,0.5,0.901406,0.006802
qam16,fixed_phase,123,1.0,0.885798,0.02241
qam16,fixed_phase,123,1.5,0.876993,0.031215
qam16,fixed_phase,123,2.0,0.860364,0.047844
qam16,fixed_phase,123,3.0,0.831884,0.076324
qam16,fixed_phase,123,4.0,0.802931,0.105277
qam16,fixed_phase,123,5.0,0.770145,0.138063
qam16,fixed_phase,256,0.0,0.908113,9.5e-05
qam16,fixed_phase,256,0.5,0.900102,0.008106
qam16,fixed_phase,256,1.0,0.889919,0.018289
qam16,fixed_phase,256,1.5,0.873533,0.034675
qam16,fixed_phase,256,2.0,0.861495,0.046713
qam16,fixed_phase,256,3.0,0.835077,0.073131
qam16,fixed_phase,256,4.0,0.801489,0.106719
qam16,fixed_phase,256,5.0,0.768523,0.139685
qam16,fixed_phase,512,0.0,0.907257,0.000951
qam16,fixed_phase,512,0.5,0.900066,0.008142
qam16,fixed_phase,512,1.0,0.888392,0.019816
qam16,fixed_phase,512,1.5,0.875596,0.032612
qam16,fixed_phase,512,2.0,0.865808,0.0424
qam16,fixed_phase,512,3.0,0.832973,0.075235
qam16,fixed_phase,512,4.0,0.803556,0.104652
qam16,fixed_phase,512,5.0,0.768227,0.139981
qam16,fixed_phase,1024,0.0,0.907728,0.00048
qam16,fixed_phase,1024,0.5,0.899189,0.009019
qam16,fixed_phase,1024,1.0,0.890594,0.017614
qam16,fixed_phase,1024,1.5,0.877437,0.030771
qam16,fixed_phase,1024,2.0,0.865002,0.043206
qam16,fixed_phase,1024,3.0,0.835189,0.073019
qam16,fixed_phase,1024,4.0,0.801228,0.10698
qam16,fixed_phase,1024,5.0,0.771123,0.137085
qam16,fixed_phase,2024,0.0,0.904573,0.003635
qam16,fixed_phase,2024,0.5,0.898969,0.009239
qam16,fixed_phase,2024,1.0,0.886595,0.021613
qam16,fixed_phase,2024,1.5,0.879795,0.028413
qam16,fixed_phase,2024,2.0,0.861619,0.046589
qam16,fixed_phase,2024,3.0,0.83412,0.074088
qam16,fixed_phase,2024,4.0,0.803551,0.104657
qam16,fixed_phase,2024,5.0,0.771935,0.136273
qam16,fixed_phase,4096,0.0,0.904393,0.003815
qam16,fixed_phase,4096,0.5,0.898992,0.009216
qam16,fixed_phase,4096,1.0,0.890913,0.017295
qam16,fixed_phase,4096,1.5,0.875182,0.033026
qam16,fixed_phase,4096,2.0,0.865042,0.043166
qam16,fixed_phase,4096,3.0,0.832527,0.075681
qam16,fixed_phase,4096,4.0,0.80518,0.103028
qam16,fixed_phase,4096,5.0,0.770098,0.13811
qam16,fixed_phase,8192,0.0,0.907537,0.000671
qam16,fixed_phase,8192,0.5,0.902198,0.00601
qam16,fixed_phase,8192,1.0,0.887618,0.02059
qam16,fixed_phase,8192,1.5,0.875754,0.032454
qam16,fixed_phase,8192,2.0,0.861976,0.046232
qam16,fixed_phase,8192,3.0,0.835002,0.073206
qam16,fixed_phase,8192,4.0,0.802952,0.105256
qam16,fixed_phase,8192,5.0,0.772646,0.135562
qam16,fixed_amplitude,42,0.0,0.903253,0.000185
qam16,fixed_amplitude,42,0.5,0.894262,0.009176
qam16,fixed_amplitude,42,1.0,0.881354,0.022084
qam16,fixed_amplitude,42,1.5,0.870895,0.032543
qam16,fixed_amplitude,42,2.0,0.856226,0.047212
qam16,fixed_amplitude,42,3.0,0.824746,0.078692
qam16,fixed_amplitude,42,4.0,0.789767,0.113671
qam16,fixed_amplitude,42,5.0,0.755838,0.1476
qam16,fixed_amplitude,123,0.0,0.903434,4e-06
qam16,fixed_amplitude,123,0.5,0.893997,0.009441
qam16,fixed_amplitude,123,1.0,0.88385,0.019588
qam16,fixed_amplitude,123,1.5,0.868601,0.034837
qam16,fixed_amplitude,123,2.0,0.85709,0.046348
qam16,fixed_amplitude,123,3.0,0.82142,0.082018
qam16,fixed_amplitude,123,4.0,0.791695,0.111743
qam16,fixed_amplitude,123,5.0,0.757525,0.145913
qam16,fixed_amplitude,256,0.0,0.902818,0.00062
qam16,fixed_amplitude,256,0.5,0.893164,0.010274
qam16,fixed_amplitude,256,1.0,0.881605,0.021833
qam16,fixed_amplitude,256,1.5,0.871263,0.032175
qam16,fixed_amplitude,256,2.0,0.856246,0.047192
qam16,fixed_amplitude,256,3.0,0.82472,0.078718
qam16,fixed_amplitude,256,4.0,0.793744,0.109694
qam16,fixed_amplitude,256,5.0,0.756949,0.146489
qam16,fixed_amplitude,512,0.0,0.902455,0.000983
qam16,fixed_amplitude,512,0.5,0.892566,0.010872
qam16,fixed_amplitude,512,1.0,0.883004,0.020434
qam16,fixed_amplitude,512,1.5,0.871693,0.031745
qam16,fixed_amplitude,512,2.0,0.85338,0.050058
qam16,fixed_amplitude,512,3.0,0.826599,0.076839
qam16,fixed_amplitude,512,4.0,0.794882,0.108556
qam16,fixed_amplitude,512,5.0,0.757196,0.146242
qam16,fixed_amplitude,1024,0.0,0.904561,-0.001123
qam16,fixed_amplitude,1024,0.5,0.893105,0.010333
qam16,fixed_amplitude,1024,1.0,0.883006,0.020432
qam16,fixed_amplitude,1024,1.5,0.870716,0.032722
qam16,fixed_amplitude,1024,2.0,0.854307,0.049131
qam16,fixed_amplitude,1024,3.0,0.825206,0.078232
qam16,fixed_amplitude,1024,4.0,0.791816,0.111622
qam16,fixed_amplitude,1024,5.0,0.756271,0.147167
qam16,fixed_amplitude,2024,0.0,0.903203,0.000235
qam16,fixed_amplitude,2024,0.5,0.89369,0.009748
qam16,fixed_amplitude,2024,1.0,0.88217,0.021268
qam16,fixed_amplitude,2024,1.5,0.870856,0.032582
qam16,fixed_amplitude,2024,2.0,0.857709,0.045729
qam16,fixed_amplitude,2024,3.0,0.823224,0.080214
qam16,fixed_amplitude,2024,4.0,0.791199,0.112239
qam16,fixed_amplitude,2024,5.0,0.756402,0.147036
qam16,fixed_amplitude,4096,0.0,0.902255,0.001183
qam16,fixed_amplitude,4096,0.5,0.89602,0.007418
qam16,fixed_amplitude,4096,1.0,0.8846,0.018838
qam16,fixed_amplitude,4096,1.5,0.871204,0.032234
qam16,fixed_amplitude,4096,2.0,0.854262,0.049176
qam16,fixed_amplitude,4096,3.0,0.825661,0.077777
qam16,fixed_amplitude,4096,4.0,0.794439,0.108999
qam16,fixed_amplitude,4096,5.0,0.757803,0.145635
qam16,fixed_amplitude,8192,0.0,0.901084,0.002354
qam16,fixed_amplitude,8192,0.5,0.895736,0.007702
qam16,fixed_amplitude,8192,1.0,0.882678,0.02076
qam16,fixed_amplitude,8192,1.5,0.8721,0.031338
qam16,fixed_amplitude,8192,2.0,0.856674,0.046764
qam16,fixed_amplitude,8192,3.0,0.825837,0.077601
qam16,fixed_amplitude,8192,4.0,0.79301,0.110428
qam16,fixed_amplitude,8192,5.0,0.75758,0.145858
qam16,random_unitary,42,0.0,0.859468,-0.000868
qam16,random_unitary,42,0.5,0.847061,0.011539
qam16,random_unitary,42,1.0,0.831745,0.026855
qam16,random_unitary,42,1.5,0.816423,0.042177
qam16,random_unitary,42,2.0,0.793631,0.064969
qam16,random_unitary,42,3.0,0.755689,0.102911
qam16,random_unitary,42,4.0,0.706017,0.152583
qam16,random_unitary,42,5.0,0.661944,0.196656
qam16,random_unitary,123,0.0,0.85982,-0.00122
qam16,random_unitary,123,0.5,0.84521,0.01339
qam16,random_unitary,123,1.0,0.829692,0.028908
qam16,random_unitary,123,1.5,0.814014,0.044586
qam16,random_unitary,123,2.0,0.795075,0.063525
qam16,random_unitary,123,3.0,0.754442,0.104158
qam16,random_unitary,123,4.0,0.71105,0.14755
qam16,random_unitary,123,5.0,0.660881,0.197719
qam16,random_unitary,256,0.0,0.85781,0.00079
qam16,random_unitary,256,0.5,0.84929,0.00931
qam16,random_unitary,256,1.0,0.830643,0.027957
qam16,random_unitary,256,1.5,0.813358,0.045242
qam16,random_unitary,256,2.0,0.797844,0.060756
qam16,random_unitary,256,3.0,0.755496,0.103104
qam16,random_unitary,256,4.0,0.710686,0.147914
qam16,random_unitary,256,5.0,0.661488,0.197112
qam16,random_unitary,512,0.0,0.860045,-0.001445
qam16,random_unitary,512,0.5,0.846449,0.012151
qam16,random_unitary,512,1.0,0.830751,0.027849
qam16,random_unitary,512,1.5,0.815213,0.043387
qam16,random_unitary,512,2.0,0.797122,0.061478
qam16,random_unitary,512,3.0,0.753573,0.105027
qam16,random_unitary,512,4.0,0.706451,0.152149
qam16,random_unitary,512,5.0,0.658652,0.199948
qam16,random_unitary,1024,0.0,0.85942,-0.00082
qam16,random_unitary,1024,0.5,0.845878,0.012722
qam16,random_unitary,1024,1.0,0.831408,0.027192
qam16,random_unitary,1024,1.5,0.814424,0.044176
qam16,random_unitary,1024,2.0,0.793023,0.065577
qam16,random_unitary,1024,3.0,0.754417,0.104183
qam16,random_unitary,1024,4.0,0.708544,0.150056
qam16,random_unitary,1024,5.0,0.6629,0.1957
qam16,random_unitary,2024,0.0,0.85756,0.00104
qam16,random_unitary,2024,0.5,0.84465,0.01395
qam16,random_unitary,2024,1.0,0.830645,0.027955
qam16,random_unitary,2024,1.5,0.812257,0.046343
qam16,random_unitary,2024,2.0,0.794346,0.064254
qam16,random_unitary,2024,3.0,0.753993,0.104607
qam16,random_unitary,2024,4.0,0.708321,0.150279
qam16,random_unitary,2024,5.0,0.660526,0.198074
qam16,random_unitary,4096,0.0,0.85881,-0.00021
qam16,random_unitary,4096,0.5,0.848023,0.010577
qam16,random_unitary,4096,1.0,0.831446,0.027154
qam16,random_unitary,4096,1.5,0.813367,0.045233
qam16,random_unitary,4096,2.0,0.79455,0.06405
qam16,random_unitary,4096,3.0,0.757699,0.100901
qam16,random_unitary,4096,4.0,0.709929,0.148671
qam16,random_unitary,4096,5.0,0.662144,0.196456
qam16,random_unitary,8192,0.0,0.859627,-0.001027
qam16,random_unitary,8192,0.5,0.847121,0.011479
qam16,random_unitary,8192,1.0,0.831925,0.026675
qam16,random_unitary,8192,1.5,0.815866,0.042734
qam16,random_unitary,8192,2.0,0.796323,0.062277
qam16,random_unitary,8192,3.0,0.75319,0.10541
qam16,random_unitary,8192,4.0,0.70959,0.14901
qam16,random_unitary,8192,5.0,0.659597,0.199003
qam16,mlp,42,0.0,0.938523,0.001167
qam16,mlp,42,0.5,0.930329,0.009361
qam16,mlp,42,1.0,0.919832,0.019858
qam16,mlp,42,1.5,0.911008,0.028682
qam16,mlp,42,2.0,0.902072,0.037618
qam16,mlp,42,3.0,0.874674,0.065016
qam16,mlp,42,4.0,0.843331,0.096359
qam16,mlp,42,5.0,0.821387,0.118303
qam16,mlp,123,0.0,0.941011,-0.001321
qam16,mlp,123,0.5,0.933447,0.006243
qam16,mlp,123,1.0,0.92498,0.01471
qam16,mlp,123,1.5,0.9104,0.02929
qam16,mlp,123,2.0,0.898434,0.041256
qam16,mlp,123,3.0,0.873695,0.065995
qam16,mlp,123,4.0,0.849112,0.090578
qam16,mlp,123,5.0,0.819945,0.119745
qam16,mlp,256,0.0,0.940943,-0.001253
qam16,mlp,256,0.5,0.932339,0.007351
qam16,mlp,256,1.0,0.92171,0.01798
qam16,mlp,256,1.5,0.909152,0.030538
qam16,mlp,256,2.0,0.899622,0.040068
qam16,mlp,256,3.0,0.876775,0.062915
qam16,mlp,256,4.0,0.845966,0.093724
qam16,mlp,256,5.0,0.819829,0.119861
qam16,mlp,512,0.0,0.937441,0.002249
qam16,mlp,512,0.5,0.928678,0.011012
qam16,mlp,512,1.0,0.920128,0.019562
qam16,mlp,512,1.5,0.91389,0.0258
qam16,mlp,512,2.0,0.899314,0.040376
qam16,mlp,512,3.0,0.875446,0.064244
qam16,mlp,512,4.0,0.849194,0.090496
qam16,mlp,512,5.0,0.818562,0.121128
qam16,mlp,1024,0.0,0.941267,-0.001577
qam16,mlp,1024,0.5,0.930254,0.009436
qam16,mlp,1024,1.0,0.922426,0.017264
qam16,mlp,1024,1.5,0.91123,0.02846
qam16,mlp,1024,2.0,0.897787,0.041903
qam16,mlp,1024,3.0,0.876524,0.063166
qam16,mlp,1024,4.0,0.847271,0.092419
qam16,mlp,1024,5.0,0.817185,0.122505
qam16,mlp,2024,0.0,0.940927,-0.001237
qam16,mlp,2024,0.5,0.928451,0.011239
qam16,mlp,2024,1.0,0.923458,0.016232
qam16,mlp,2024,1.5,0.909978,0.029712
qam16,mlp,2024,2.0,0.898595,0.041095
qam16,mlp,2024,3.0,0.876,0.06369
qam16,mlp,2024,4.0,0.847401,0.092289
qam16,mlp,2024,5.0,0.820034,0.119656
qam16,mlp,4096,0.0,0.939655,3.5e-05
qam16,mlp,4096,0.5,0.932975,0.006715
qam16,mlp,4096,1.0,0.919748,0.019942
qam16,mlp,4096,1.5,0.910099,0.029591
qam16,mlp,4096,2.0,0.9024,0.03729
qam16,mlp,4096,3.0,0.873015,0.066675
qam16,mlp,4096,4.0,0.848227,0.091463
qam16,mlp,4096,5.0,0.819397,0.120293
qam16,mlp,8192,0.0,0.939383,0.000307
qam16,mlp,8192,0.5,0.933965,0.005725
qam16,mlp,8192,1.0,0.920842,0.018848
qam16,mlp,8192,1.5,0.912778,0.026912
qam16,mlp,8192,2.0,0.899239,0.040451
qam16,mlp,8192,3.0,0.87286,0.06683
qam16,mlp,8192,4.0,0.848947,0.090743
qam16,mlp,8192,5.0,0.818058,0.121632
qam16,cnn,42,0.0,0.95941,-0.00064
qam16,cnn,42,0.5,0.952182,0.006588
qam16,cnn,42,1.0,0.943756,0.015014
qam16,cnn,42,1.5,0.935736,0.023034
qam16,cnn,42,2.0,0.925454,0.033316
qam16,cnn,42,3.0,0.902652,0.056118
qam16,cnn,42,4.0,0.87848,0.08029
qam16,cnn,42,5.0,0.856128,0.102642
qam16,cnn,123,0.0,0.960101,-0.001331
qam16,cnn,123,0.5,0.952208,0.006562
qam16,cnn,123,1.0,0.944967,0.013803
qam16,cnn,123,1.5,0.934306,0.024464
qam16,cnn,123,2.0,0.923127,0.035643
qam16,cnn,123,3.0,0.904923,0.053847
qam16,cnn,123,4.0,0.880606,0.078164
qam16,cnn,123,5.0,0.856839,0.101931
qam16,cnn,256,0.0,0.960328,-0.001558
qam16,cnn,256,0.5,0.954816,0.003954
qam16,cnn,256,1.0,0.942189,0.016581
qam16,cnn,256,1.5,0.933641,0.025129
qam16,cnn,256,2.0,0.926973,0.031797
qam16,cnn,256,3.0,0.900827,0.057943
qam16,cnn,256,4.0,0.878029,0.080741
qam16,cnn,256,5.0,0.85815,0.10062
qam16,cnn,512,0.0,0.956606,0.002164
qam16,cnn,512,0.5,0.951204,0.007566
qam16,cnn,512,1.0,0.94015,0.01862
qam16,cnn,512,1.5,0.935806,0.022964
qam16,cnn,512,2.0,0.925649,0.033121
qam16,cnn,512,3.0,0.901992,0.056778
qam16,cnn,512,4.0,0.87879,0.07998
qam16,cnn,512,5.0,0.854931,0.103839
qam16,cnn,1024,0.0,0.95823,0.00054
qam16,cnn,1024,0.5,0.952229,0.006541
qam16,cnn,1024,1.0,0.942383,0.016387
qam16,cnn,1024,1.5,0.929154,0.029616
qam16,cnn,1024,2.0,0.924776,0.033994
qam16,cnn,1024,3.0,0.902542,0.056228
qam16,cnn,1024,4.0,0.877766,0.081004
qam16,cnn,1024,5.0,0.856093,0.102677
qam16,cnn,2024,0.0,0.958948,-0.000178
qam16,cnn,2024,0.5,0.952399,0.006371
qam16,cnn,2024,1.0,0.939272,0.019498
qam16,cnn,2024,1.5,0.934534,0.024236
qam16,cnn,2024,2.0,0.923928,0.034842
qam16,cnn,2024,3.0,0.903475,0.055295
qam16,cnn,2024,4.0,0.879632,0.079138
qam16,cnn,2024,5.0,0.855078,0.103692
qam16,cnn,4096,0.0,0.957695,0.001075
qam16,cnn,4096,0.5,0.947757,0.011013
qam16,cnn,4096,1.0,0.941168,0.017602
qam16,cnn,4096,1.5,0.935123,0.023647
qam16,cnn,4096,2.0,0.92431,0.03446
qam16,cnn,4096,3.0,0.901912,0.056858
qam16,cnn,4096,4.0,0.881191,0.077579
qam16,cnn,4096,5.0,0.854815,0.103955
qam16,cnn,8192,0.0,0.960858,-0.002088
qam16,cnn,8192,0.5,0.952634,0.006136
qam16,cnn,8192,1.0,0.945827,0.012943
qam16,cnn,8192,1.5,0.93391,0.02486
qam16,cnn,8192,2.0,0.923973,0.034797
qam16,cnn,8192,3.0,0.906588,0.052182
qam16,cnn,8192,4.0,0.879889,0.078881
qam16,cnn,8192,5.0,0.855837,0.102933
