epoch,train_loss,validation_loss,train_accuracy,validation_accuracy,optical_power,phase_gradient_norm,dataset,model,seed
1,0.76281445,0.81610358,0.52854071,0.52815055,0.99643671,0.17746329,circles,proposed,4096
2,0.72166736,0.77232258,0.55976185,0.55900055,0.99967122,0.17185044,circles,proposed,4096
3,0.69059952,0.73929981,0.5895704,0.58845606,0.99683136,0.16519935,circles,proposed,4096
4,0.64340205,0.68898035,0.61451261,0.61306246,0.99947605,0.16047154,circles,proposed,4096
5,0.61013812,0.6535519,0.64218772,0.64041813,1.0011834,0.15448407,circles,proposed,4096
6,0.58117533,0.62270755,0.66490053,0.66282708,1.00111248,0.15036022,circles,proposed,4096
7,0.55925305,0.59938784,0.6853115,0.682949,0.99985895,0.14469549,circles,proposed,4096
8,0.51991477,0.55738069,0.70630026,0.70366282,0.99795426,0.13977321,circles,proposed,4096
9,0.50329764,0.53971256,0.72994458,0.72704561,0.99616701,0.134725,circles,proposed,4096
10,0.47771848,0.512419,0.74346107,0.74031332,0.99926153,0.13088517,circles,proposed,4096
11,0.45073071,0.48359704,0.75900655,0.75562215,1.00163986,0.12642856,circles,proposed,4096
12,0.42671832,0.45795084,0.77629126,0.77268176,1.00103372,0.1227424,circles,proposed,4096
13,0.40438501,0.43409174,0.78859177,0.78476814,1.00281901,0.11860388,circles,proposed,4096
14,0.39288646,0.4218522,0.79957649,0.79554917,0.99946861,0.11588186,circles,proposed,4096
15,0.36790368,0.39512279,0.81833941,0.81411835,1.00220353,0.11032656,circles,proposed,4096
16,0.347771,0.37358889,0.82350803,0.81910266,1.00198898,0.10640337,circles,proposed,4096
17,0.33183286,0.35655014,0.84085544,0.83627476,1.00063942,0.10314628,circles,proposed,4096
18,0.31000203,0.33316888,0.84371923,0.83897178,1.00242243,0.10084844,circles,proposed,4096
19,0.29622128,0.31842919,0.85219476,0.84728868,1.00240005,0.09726818,circles,proposed,4096
20,0.28410073,0.30546666,0.8628349,0.85777793,1.0007558,0.09469833,circles,proposed,4096
21,0.27896596,0.30000995,0.86839932,0.86319882,0.99854758,0.08988999,circles,proposed,4096
22,0.25131924,0.27033442,0.880043,0.87470597,1.00318116,0.08782158,circles,proposed,4096
23,0.24663097,0.26534603,0.8884604,0.88299349,0.99874085,0.08348609,circles,proposed,4096
24,0.22860513,0.24600195,0.89009916,0.88450871,0.99649111,0.08085432,circles,proposed,4096
25,0.21664129,0.23317379,0.89694036,0.8912324,1.00114648,0.07843365,circles,proposed,4096
26,0.20817625,0.22410621,0.90306975,0.89725001,0.99778325,0.07554713,circles,proposed,4096
27,0.19703833,0.21215633,0.91031869,0.90439261,1.00047248,0.07368496,circles,proposed,4096
28,0.19004161,0.20466092,0.91588079,0.90985357,1.00212347,0.07117831,circles,proposed,4096
29,0.17911286,0.1929267,0.91610462,0.90998119,1.00119744,0.06962707,circles,proposed,4096
30,0.17202086,0.18532094,0.92032124,0.91410628,1.00276031,0.0667572,circles,proposed,4096
31,0.16695691,0.17989706,0.92520948,0.91890747,1.00425379,0.06533551,circles,proposed,4096
32,0.15537612,0.16744751,0.92979123,0.9234064,0.99716728,0.06245265,circles,proposed,4096
33,0.15354036,0.16549706,0.93192613,0.92546253,1.00027448,0.06053881,circles,proposed,4096
34,0.13978251,0.15069278,0.93664689,0.93010835,0.99855937,0.05815804,circles,proposed,4096
35,0.13369445,0.14415292,0.93687005,0.93026024,0.99874779,0.05643437,circles,proposed,4096
36,0.12810317,0.13814623,0.93995121,0.9332736,0.9998104,0.05442979,circles,proposed,4096
37,0.12229001,0.13189789,0.94087153,0.93412943,1.00013757,0.05354096,circles,proposed,4096
38,0.12163493,0.13121139,0.94494316,0.93813971,1.00112439,0.05122516,circles,proposed,4096
39,0.11483778,0.12389766,0.94524602,0.93838421,0.9974716,0.04979531,circles,proposed,4096
40,0.10821657,0.11677123,0.94829782,0.9413805,0.99683266,0.04799135,circles,proposed,4096
41,0.10201978,0.11010044,0.95190079,0.94493067,1.00240477,0.04651574,circles,proposed,4096
42,0.09819944,0.10599247,0.9517563,0.94473595,0.99895967,0.04563456,circles,proposed,4096
43,0.09936587,0.10726631,0.95675387,0.94968574,0.99784594,0.04332943,circles,proposed,4096
44,0.08833494,0.09537127,0.95651405,0.94940047,0.99915193,0.04279215,circles,proposed,4096
45,0.09264872,0.10004196,0.95730704,0.95015023,0.99786946,0.04095548,circles,proposed,4096
46,0.08065786,0.0871056,0.95801801,0.95082008,0.99904985,0.03951398,circles,proposed,4096
47,0.08375749,0.09046459,0.96043846,0.95320142,1.00185495,0.03818693,circles,proposed,4096
48,0.07334393,0.07922706,0.95855402,0.95127976,0.99942726,0.03668855,circles,proposed,4096
49,0.07551109,0.08157808,0.96169588,0.95438623,0.99770243,0.03591037,circles,proposed,4096
50,0.07136298,0.07710597,0.96261675,0.95527343,1.00228774,0.03436077,circles,proposed,4096
51,0.06695306,0.0723497,0.96232154,0.95494619,0.99718875,0.03435944,circles,proposed,4096
52,0.06261335,0.06766803,0.9622657,0.95485989,0.99776281,0.03327377,circles,proposed,4096
53,0.07121004,0.07696745,0.96464209,0.9572073,0.99913446,0.03135472,circles,proposed,4096
54,0.05708524,0.06170751,0.96553781,0.95807546,1.0026648,0.0310153,circles,proposed,4096
55,0.05575707,0.06027837,0.9664451,0.95895653,0.99908047,0.02933053,circles,proposed,4096
56,0.05550986,0.06001752,0.96745464,0.95994112,1.00311677,0.02888624,circles,proposed,4096
57,0.05307657,0.05739265,0.96765351,0.96011627,0.99863844,0.02777279,circles,proposed,4096
58,0.04816896,0.05209131,0.96820995,0.96065014,1.00014014,0.02720413,circles,proposed,4096
59,0.05584195,0.06039519,0.96841552,0.96083424,0.99539813,0.02722735,circles,proposed,4096
60,0.04866593,0.05263925,0.96964586,0.96204415,1.00301329,0.02546704,circles,proposed,4096
61,0.04313049,0.04665638,0.97122072,0.96359959,0.99674614,0.02556968,circles,proposed,4096
62,0.04276153,0.04626165,0.96943537,0.96179576,1.00250324,0.02362953,circles,proposed,4096
63,0.04308068,0.04661126,0.96934431,0.96168713,1.00093621,0.02312704,circles,proposed,4096
64,0.04194754,0.0453894,0.97200418,0.96433028,1.00118917,0.02217232,circles,proposed,4096
65,0.03839353,0.04154749,0.9711993,0.96350949,1.00211902,0.02249039,circles,proposed,4096
66,0.05112241,0.05532686,0.9717316,0.96402667,0.997523,0.02145705,circles,proposed,4096
67,0.03793209,0.04105526,0.97165703,0.9639377,1.00198308,0.02143629,circles,proposed,4096
68,0.03640342,0.03940404,0.97265964,0.96492663,0.99873769,0.02052182,circles,proposed,4096
69,0.04103211,0.04441792,0.97263812,0.96489209,1.00125255,0.01908627,circles,proposed,4096
70,0.0350371,0.0379313,0.97237812,0.9646197,0.99861167,0.01893912,circles,proposed,4096
71,0.03063458,0.03316775,0.97266765,0.96489745,1.00219867,0.01873198,circles,proposed,4096
72,0.03577922,0.0387408,0.97269984,0.96491843,1.00339849,0.01915551,circles,proposed,4096
73,0.03760156,0.04071709,0.97388176,0.96608969,0.9959429,0.01783729,circles,proposed,4096
74,0.02692465,0.02915771,0.97379463,0.96599242,1.00146355,0.01675326,circles,proposed,4096
75,0.02574835,0.02788589,0.97362783,0.96581597,0.99626893,0.01646028,circles,proposed,4096
76,0.03203359,0.0346954,0.9737285,0.96590746,0.99757564,0.01630839,circles,proposed,4096
77,0.02420755,0.0262209,0.97474175,0.96691199,0.99983115,0.01652484,circles,proposed,4096
78,0.03062466,0.03317402,0.97453403,0.96669596,0.99741851,0.01637247,circles,proposed,4096
79,0.02718477,0.02944976,0.97441493,0.96656897,0.99825411,0.01486803,circles,proposed,4096
80,0.02368917,0.02566462,0.97340612,0.96555265,1.00012198,0.01487783,circles,proposed,4096
81,0.02318988,0.02512532,0.97437618,0.96651556,1.00059325,0.01466073,circles,proposed,4096
82,0.0233712,0.02532339,0.97524687,0.96737945,1.00229935,0.0143685,circles,proposed,4096
83,0.03058061,0.03313707,0.9743068,0.96643292,1.00215327,0.01396062,circles,proposed,4096
84,0.02040721,0.02211455,0.97473923,0.9668592,0.99906506,0.01416465,circles,proposed,4096
85,0.03247546,0.03519458,0.97400221,0.96611632,1.00044931,0.01255393,circles,proposed,4096
86,0.02614226,0.02833279,0.97480578,0.96691433,0.99754421,0.01302058,circles,proposed,4096
87,0.02346124,0.02542858,0.97541767,0.96752092,0.99932212,0.011591,circles,proposed,4096
88,0.03416616,0.03703325,0.97487001,0.96696823,0.99932565,0.0118313,circles,proposed,4096
89,0.01726782,0.01871791,0.97502688,0.9671203,0.99925109,0.01192204,circles,proposed,4096
90,0.02369941,0.02569099,0.97506619,0.96715507,1.00327971,0.01089507,circles,proposed,4096
91,0.02058508,0.02231613,0.97473399,0.96681853,0.99993593,0.01047747,circles,proposed,4096
92,0.03018176,0.03272153,0.97523382,0.96731423,0.99787939,0.01025991,circles,proposed,4096
93,0.02023217,0.02193581,0.97543565,0.96751215,0.9991479,0.01158198,circles,proposed,4096
94,0.0193139,0.02094127,0.97561268,0.96768544,0.99597407,0.01039437,circles,proposed,4096
95,0.0196665,0.02132463,0.97523209,0.96730131,0.99850106,0.01283778,circles,proposed,4096
96,0.01566674,0.01698845,0.97545984,0.96752567,1.00333097,0.01040719,circles,proposed,4096
97,0.02314598,0.02509986,0.97584599,0.96790861,0.9958643,0.01031871,circles,proposed,4096
98,0.02564584,0.02781204,0.97628078,0.96834035,1.00002125,0.00890591,circles,proposed,4096
99,0.01786065,0.01937014,0.97590129,0.96795796,1.00029637,0.00942044,circles,proposed,4096
100,0.03099478,0.03361581,0.97557331,0.96762721,0.99757169,0.00878426,circles,proposed,4096
