wavelength_nm,normalized_power
1500.0,0.00048726
1500.025,0.00049088
1500.05,0.00049452
1500.075,0.00049819
1500.1,0.00050188
1500.125,0.0005056
1500.15,0.00050934
1500.175,0.00051311
1500.2,0.0005169
1500.225,0.00052072
1500.25,0.00052457
1500.275,0.00052845
1500.3,0.00053235
1500.325,0.00053627
1500.35,0.00054023
1500.375,0.00054421
1500.4,0.00054822
1500.425,0.00055225
1500.45,0.00055632
1500.475,0.00056041
1500.5,0.00056453
1500.525,0.00056868
1500.55,0.00057285
1500.575,0.00057706
1500.6,0.00058129
1500.625,0.00058555
1500.65,0.00058985
1500.675,0.00059417
1500.7,0.00059852
1500.725,0.0006029
1500.75,0.00060731
1500.775,0.00061174
1500.8,0.00061621
1500.825,0.00062071
1500.85,0.00062525
1500.875,0.00062981
1500.9,0.0006344
1500.925,0.00063902
1500.95,0.00064368
1500.975,0.00064836
1501.0,0.00065308
1501.025,0.00065783
1501.05,0.00066261
1501.075,0.00066743
1501.1,0.00067227
1501.125,0.00067715
1501.15,0.00068207
1501.175,0.00068701
1501.2,0.00069199
1501.225,0.000697
1501.25,0.00070205
1501.275,0.00070713
1501.3,0.00071224
1501.325,0.00071739
1501.35,0.00072257
1501.375,0.00072779
1501.4,0.00073304
1501.425,0.00073833
1501.45,0.00074365
1501.475,0.00074901
1501.5,0.00075441
1501.525,0.00075984
1501.55,0.0007653
1501.575,0.00077081
1501.6,0.00077635
1501.625,0.00078193
1501.65,0.00078754
1501.675,0.00079319
1501.7,0.00079888
1501.725,0.00080461
1501.75,0.00081037
1501.775,0.00081618
1501.8,0.00082202
1501.825,0.0008279
1501.85,0.00083382
1501.875,0.00083978
1501.9,0.00084577
1501.925,0.00085181
1501.95,0.00085789
1501.975,0.00086401
1502.0,0.00087017
1502.025,0.00087637
1502.05,0.00088261
1502.075,0.00088889
1502.1,0.00089521
1502.125,0.00090157
1502.15,0.00090798
1502.175,0.00091443
1502.2,0.00092092
1502.225,0.00092745
1502.25,0.00093403
1502.275,0.00094065
1502.3,0.00094731
1502.325,0.00095401
1502.35,0.00096077
1502.375,0.00096756
1502.4,0.0009744
1502.425,0.00098128
1502.45,0.00098821
1502.475,0.00099518
1502.5,0.0010022
1502.525,0.00100927
1502.55,0.00101638
1502.575,0.00102354
1502.6,0.00103074
1502.625,0.00103799
1502.65,0.00104529
1502.675,0.00105264
1502.7,0.00106003
1502.725,0.00106747
1502.75,0.00107496
1502.775,0.0010825
1502.8,0.00109008
1502.825,0.00109772
1502.85,0.0011054
1502.875,0.00111314
1502.9,0.00112092
1502.925,0.00112876
1502.95,0.00113665
1502.975,0.00114458
1503.0,0.00115257
1503.025,0.00116061
1503.05,0.0011687
1503.075,0.00117684
1503.1,0.00118504
1503.125,0.00119329
1503.15,0.00120159
1503.175,0.00120994
1503.2,0.00121835
1503.225,0.00122681
1503.25,0.00123533
1503.275,0.0012439
1503.3,0.00125252
1503.325,0.0012612
1503.35,0.00126994
1503.375,0.00127873
1503.4,0.00128758
1503.425,0.00129648
1503.45,0.00130544
1503.475,0.00131446
1503.5,0.00132354
1503.525,0.00133267
1503.55,0.00134186
1503.575,0.00135111
1503.6,0.00136042
1503.625,0.00136979
1503.65,0.00137921
1503.675,0.0013887
1503.7,0.00139825
1503.725,0.00140785
1503.75,0.00141752
1503.775,0.00142725
1503.8,0.00143704
1503.825,0.00144689
1503.85,0.00145681
1503.875,0.00146678
1503.9,0.00147682
1503.925,0.00148693
1503.95,0.00149709
1503.975,0.00150732
1504.0,0.00151762
1504.025,0.00152798
1504.05,0.0015384
1504.075,0.00154889
1504.1,0.00155945
1504.125,0.00157007
1504.15,0.00158076
1504.175,0.00159151
1504.2,0.00160233
1504.225,0.00161322
1504.25,0.00162418
1504.275,0.00163521
1504.3,0.0016463
1504.325,0.00165747
1504.35,0.0016687
1504.375,0.00168
1504.4,0.00169138
1504.425,0.00170282
1504.45,0.00171434
1504.475,0.00172593
1504.5,0.00173759
1504.525,0.00174932
1504.55,0.00176112
1504.575,0.001773
1504.6,0.00178495
1504.625,0.00179697
1504.65,0.00180907
1504.675,0.00182125
1504.7,0.0018335
1504.725,0.00184582
1504.75,0.00185822
1504.775,0.0018707
1504.8,0.00188325
1504.825,0.00189588
1504.85,0.00190859
1504.875,0.00192138
1504.9,0.00193424
1504.925,0.00194719
1504.95,0.00196021
1504.975,0.00197331
1505.0,0.0019865
1505.025,0.00199976
1505.05,0.00201311
1505.075,0.00202653
1505.1,0.00204004
1505.125,0.00205363
1505.15,0.00206731
1505.175,0.00208106
1505.2,0.00209491
1505.225,0.00210883
1505.25,0.00212284
1505.275,0.00213694
1505.3,0.00215112
1505.325,0.00216539
1505.35,0.00217974
1505.375,0.00219418
1505.4,0.00220871
1505.425,0.00222332
1505.45,0.00223803
1505.475,0.00225282
1505.5,0.00226771
1505.525,0.00228268
1505.55,0.00229774
1505.575,0.0023129
1505.6,0.00232814
1505.625,0.00234348
1505.65,0.00235891
1505.675,0.00237443
1505.7,0.00239005
1505.725,0.00240576
1505.75,0.00242156
1505.775,0.00243746
1505.8,0.00245345
1505.825,0.00246954
1505.85,0.00248573
1505.875,0.00250201
1505.9,0.00251839
1505.925,0.00253487
1505.95,0.00255145
1505.975,0.00256812
1506.0,0.0025849
1506.025,0.00260177
1506.05,0.00261875
1506.075,0.00263582
1506.1,0.002653
1506.125,0.00267028
1506.15,0.00268767
1506.175,0.00270515
1506.2,0.00272274
1506.225,0.00274043
1506.25,0.00275823
1506.275,0.00277614
1506.3,0.00279415
1506.325,0.00281226
1506.35,0.00283048
1506.375,0.00284882
1506.4,0.00286725
1506.425,0.0028858
1506.45,0.00290446
1506.475,0.00292322
1506.5,0.0029421
1506.525,0.00296109
1506.55,0.00298019
1506.575,0.0029994
1506.6,0.00301872
1506.625,0.00303816
1506.65,0.00305771
1506.675,0.00307738
1506.7,0.00309716
1506.725,0.00311705
1506.75,0.00313707
1506.775,0.0031572
1506.8,0.00317744
1506.825,0.00319781
1506.85,0.00321829
1506.875,0.00323889
1506.9,0.00325962
1506.925,0.00328046
1506.95,0.00330142
1506.975,0.00332251
1507.0,0.00334372
1507.025,0.00336505
1507.05,0.0033865
1507.075,0.00340808
1507.1,0.00342978
1507.125,0.00345161
1507.15,0.00347357
1507.175,0.00349565
1507.2,0.00351786
1507.225,0.00354019
1507.25,0.00356266
1507.275,0.00358525
1507.3,0.00360798
1507.325,0.00363083
1507.35,0.00365382
1507.375,0.00367694
1507.4,0.00370019
1507.425,0.00372358
1507.45,0.00374709
1507.475,0.00377075
1507.5,0.00379453
1507.525,0.00381846
1507.55,0.00384252
1507.575,0.00386672
1507.6,0.00389105
1507.625,0.00391553
1507.65,0.00394014
1507.675,0.0039649
1507.7,0.00398979
1507.725,0.00401483
1507.75,0.00404001
1507.775,0.00406533
1507.8,0.0040908
1507.825,0.0041164
1507.85,0.00414216
1507.875,0.00416806
1507.9,0.00419411
1507.925,0.0042203
1507.95,0.00424664
1507.975,0.00427313
1508.0,0.00429977
1508.025,0.00432656
1508.05,0.0043535
1508.075,0.00438059
1508.1,0.00440784
1508.125,0.00443524
1508.15,0.00446279
1508.175,0.00449049
1508.2,0.00451835
1508.225,0.00454637
1508.25,0.00457454
1508.275,0.00460288
1508.3,0.00463137
1508.325,0.00466001
1508.35,0.00468882
1508.375,0.00471779
1508.4,0.00474692
1508.425,0.00477622
1508.45,0.00480567
1508.475,0.00483529
1508.5,0.00486508
1508.525,0.00489503
1508.55,0.00492514
1508.575,0.00495543
1508.6,0.00498588
1508.625,0.0050165
1508.65,0.00504728
1508.675,0.00507824
1508.7,0.00510937
1508.725,0.00514067
1508.75,0.00517215
1508.775,0.0052038
1508.8,0.00523562
1508.825,0.00526762
1508.85,0.00529979
1508.875,0.00533214
1508.9,0.00536467
1508.925,0.00539737
1508.95,0.00543026
1508.975,0.00546332
1509.0,0.00549657
1509.025,0.00553
1509.05,0.00556361
1509.075,0.0055974
1509.1,0.00563138
1509.125,0.00566555
1509.15,0.0056999
1509.175,0.00573443
1509.2,0.00576916
1509.225,0.00580407
1509.25,0.00583918
1509.275,0.00587447
1509.3,0.00590996
1509.325,0.00594564
1509.35,0.00598151
1509.375,0.00601757
1509.4,0.00605384
1509.425,0.00609029
1509.45,0.00612695
1509.475,0.0061638
1509.5,0.00620085
1509.525,0.0062381
1509.55,0.00627555
1509.575,0.0063132
1509.6,0.00635106
1509.625,0.00638911
1509.65,0.00642738
1509.675,0.00646584
1509.7,0.00650452
1509.725,0.0065434
1509.75,0.00658249
1509.775,0.00662178
1509.8,0.00666129
1509.825,0.00670101
1509.85,0.00674094
1509.875,0.00678108
1509.9,0.00682144
1509.925,0.00686201
1509.95,0.0069028
1509.975,0.00694381
1510.0,0.00698503
1510.025,0.00702647
1510.05,0.00706813
1510.075,0.00711001
1510.1,0.00715211
1510.125,0.00719444
1510.15,0.00723699
1510.175,0.00727976
1510.2,0.00732276
1510.225,0.00736599
1510.25,0.00740945
1510.275,0.00745313
1510.3,0.00749704
1510.325,0.00754119
1510.35,0.00758556
1510.375,0.00763017
1510.4,0.00767501
1510.425,0.00772009
1510.45,0.00776541
1510.475,0.00781096
1510.5,0.00785675
1510.525,0.00790277
1510.55,0.00794904
1510.575,0.00799555
1510.6,0.0080423
1510.625,0.0080893
1510.65,0.00813654
1510.675,0.00818403
1510.7,0.00823176
1510.725,0.00827974
1510.75,0.00832797
1510.775,0.00837645
1510.8,0.00842518
1510.825,0.00847416
1510.85,0.0085234
1510.875,0.00857289
1510.9,0.00862263
1510.925,0.00867263
1510.95,0.00872289
1510.975,0.00877341
1511.0,0.00882419
1511.025,0.00887523
1511.05,0.00892653
1511.075,0.0089781
1511.1,0.00902993
1511.125,0.00908202
1511.15,0.00913438
1511.175,0.00918701
1511.2,0.00923991
1511.225,0.00929308
1511.25,0.00934652
1511.275,0.00940023
1511.3,0.00945422
1511.325,0.00950848
1511.35,0.00956302
1511.375,0.00961783
1511.4,0.00967293
1511.425,0.0097283
1511.45,0.00978396
1511.475,0.00983989
1511.5,0.00989611
1511.525,0.00995261
1511.55,0.0100094
1511.575,0.01006648
1511.6,0.01012384
1511.625,0.01018149
1511.65,0.01023944
1511.675,0.01029767
1511.7,0.0103562
1511.725,0.01041502
1511.75,0.01047414
1511.775,0.01053356
1511.8,0.01059327
1511.825,0.01065328
1511.85,0.01071359
1511.875,0.0107742
1511.9,0.01083512
1511.925,0.01089634
1511.95,0.01095786
1511.975,0.0110197
1512.0,0.01108184
1512.025,0.01114429
1512.05,0.01120705
1512.075,0.01127012
1512.1,0.0113335
1512.125,0.0113972
1512.15,0.01146121
1512.175,0.01152555
1512.2,0.0115902
1512.225,0.01165516
1512.25,0.01172045
1512.275,0.01178607
1512.3,0.011852
1512.325,0.01191826
1512.35,0.01198485
1512.375,0.01205176
1512.4,0.012119
1512.425,0.01218658
1512.45,0.01225448
1512.475,0.01232272
1512.5,0.01239129
1512.525,0.0124602
1512.55,0.01252944
1512.575,0.01259902
1512.6,0.01266894
1512.625,0.01273921
1512.65,0.01280981
1512.675,0.01288076
1512.7,0.01295205
1512.725,0.01302369
1512.75,0.01309568
1512.775,0.01316801
1512.8,0.0132407
1512.825,0.01331374
1512.85,0.01338713
1512.875,0.01346088
1512.9,0.01353499
1512.925,0.01360945
1512.95,0.01368427
1512.975,0.01375945
1513.0,0.01383499
1513.025,0.0139109
1513.05,0.01398717
1513.075,0.0140638
1513.1,0.01414081
1513.125,0.01421818
1513.15,0.01429593
1513.175,0.01437404
1513.2,0.01445253
1513.225,0.0145314
1513.25,0.01461064
1513.275,0.01469025
1513.3,0.01477025
1513.325,0.01485063
1513.35,0.01493139
1513.375,0.01501253
1513.4,0.01509406
1513.425,0.01517598
1513.45,0.01525828
1513.475,0.01534098
1513.5,0.01542406
1513.525,0.01550754
1513.55,0.01559141
1513.575,0.01567568
1513.6,0.01576034
1513.625,0.0158454
1513.65,0.01593087
1513.675,0.01601673
1513.7,0.016103
1513.725,0.01618967
1513.75,0.01627675
1513.775,0.01636424
1513.8,0.01645214
1513.825,0.01654044
1513.85,0.01662916
1513.875,0.0167183
1513.9,0.01680785
1513.925,0.01689781
1513.95,0.0169882
1513.975,0.01707901
1514.0,0.01717023
1514.025,0.01726188
1514.05,0.01735396
1514.075,0.01744646
1514.1,0.01753939
1514.125,0.01763275
1514.15,0.01772655
1514.175,0.01782077
1514.2,0.01791543
1514.225,0.01801053
1514.25,0.01810606
1514.275,0.01820203
1514.3,0.01829845
1514.325,0.01839531
1514.35,0.01849261
1514.375,0.01859035
1514.4,0.01868855
1514.425,0.01878719
1514.45,0.01888629
1514.475,0.01898583
1514.5,0.01908584
1514.525,0.01918629
1514.55,0.01928721
1514.575,0.01938858
1514.6,0.01949041
1514.625,0.01959271
1514.65,0.01969547
1514.675,0.0197987
1514.7,0.01990239
1514.725,0.02000656
1514.75,0.02011119
1514.775,0.0202163
1514.8,0.02032188
1514.825,0.02042793
1514.85,0.02053447
1514.875,0.02064148
1514.9,0.02074897
1514.925,0.02085695
1514.95,0.02096541
1514.975,0.02107436
1515.0,0.02118379
1515.025,0.02129372
1515.05,0.02140413
1515.075,0.02151504
1515.1,0.02162645
1515.125,0.02173835
1515.15,0.02185074
1515.175,0.02196364
1515.2,0.02207704
1515.225,0.02219094
1515.25,0.02230535
1515.275,0.02242027
1515.3,0.02253569
1515.325,0.02265163
1515.35,0.02276807
1515.375,0.02288503
1515.4,0.02300251
1515.425,0.0231205
1515.45,0.02323902
1515.475,0.02335805
1515.5,0.02347761
1515.525,0.02359769
1515.55,0.0237183
1515.575,0.02383943
1515.6,0.0239611
1515.625,0.0240833
1515.65,0.02420603
1515.675,0.0243293
1515.7,0.0244531
1515.725,0.02457745
1515.75,0.02470233
1515.775,0.02482776
1515.8,0.02495373
1515.825,0.02508025
1515.85,0.02520732
1515.875,0.02533493
1515.9,0.0254631
1515.925,0.02559183
1515.95,0.0257211
1515.975,0.02585094
1516.0,0.02598134
1516.025,0.02611229
1516.05,0.02624381
1516.075,0.0263759
1516.1,0.02650855
1516.125,0.02664177
1516.15,0.02677556
1516.175,0.02690992
1516.2,0.02704485
1516.225,0.02718037
1516.25,0.02731646
1516.275,0.02745313
1516.3,0.02759038
1516.325,0.02772822
1516.35,0.02786664
1516.375,0.02800565
1516.4,0.02814525
1516.425,0.02828543
1516.45,0.02842622
1516.475,0.02856759
1516.5,0.02870957
1516.525,0.02885214
1516.55,0.02899532
1516.575,0.02913909
1516.6,0.02928348
1516.625,0.02942846
1516.65,0.02957406
1516.675,0.02972027
1516.7,0.02986709
1516.725,0.03001452
1516.75,0.03016257
1516.775,0.03031124
1516.8,0.03046053
1516.825,0.03061044
1516.85,0.03076097
1516.875,0.03091213
1516.9,0.03106392
1516.925,0.03121634
1516.95,0.03136939
1516.975,0.03152307
1517.0,0.03167739
1517.025,0.03183235
1517.05,0.03198795
1517.075,0.03214419
1517.1,0.03230107
1517.125,0.0324586
1517.15,0.03261677
1517.175,0.0327756
1517.2,0.03293507
1517.225,0.03309521
1517.25,0.03325599
1517.275,0.03341743
1517.3,0.03357954
1517.325,0.0337423
1517.35,0.03390573
1517.375,0.03406982
1517.4,0.03423459
1517.425,0.03440002
1517.45,0.03456612
1517.475,0.0347329
1517.5,0.03490035
1517.525,0.03506848
1517.55,0.03523729
1517.575,0.03540678
1517.6,0.03557695
1517.625,0.03574781
1517.65,0.03591936
1517.675,0.03609159
1517.7,0.03626452
1517.725,0.03643815
1517.75,0.03661247
1517.775,0.03678748
1517.8,0.0369632
1517.825,0.03713962
1517.85,0.03731674
1517.875,0.03749457
1517.9,0.03767311
1517.925,0.03785235
1517.95,0.03803231
1517.975,0.03821299
1518.0,0.03839438
1518.025,0.03857648
1518.05,0.03875931
1518.075,0.03894286
1518.1,0.03912714
1518.125,0.03931214
1518.15,0.03949787
1518.175,0.03968433
1518.2,0.03987153
1518.225,0.04005946
1518.25,0.04024812
1518.275,0.04043753
1518.3,0.04062767
1518.325,0.04081856
1518.35,0.0410102
1518.375,0.04120258
1518.4,0.04139571
1518.425,0.04158959
1518.45,0.04178423
1518.475,0.04197962
1518.5,0.04217577
1518.525,0.04237268
1518.55,0.04257035
1518.575,0.04276879
1518.6,0.04296799
1518.625,0.04316796
1518.65,0.0433687
1518.675,0.04357021
1518.7,0.04377249
1518.725,0.04397556
1518.75,0.0441794
1518.775,0.04438402
1518.8,0.04458943
1518.825,0.04479562
1518.85,0.04500259
1518.875,0.04521036
1518.9,0.04541892
1518.925,0.04562827
1518.95,0.04583842
1518.975,0.04604936
1519.0,0.0462611
1519.025,0.04647365
1519.05,0.046687
1519.075,0.04690115
1519.1,0.04711612
1519.125,0.04733189
1519.15,0.04754848
1519.175,0.04776588
1519.2,0.04798409
1519.225,0.04820313
1519.25,0.04842298
1519.275,0.04864366
1519.3,0.04886517
1519.325,0.0490875
1519.35,0.04931066
1519.375,0.04953465
1519.4,0.04975948
1519.425,0.04998514
1519.45,0.05021163
1519.475,0.05043897
1519.5,0.05066715
1519.525,0.05089618
1519.55,0.05112605
1519.575,0.05135677
1519.6,0.05158834
1519.625,0.05182076
1519.65,0.05205403
1519.675,0.05228817
1519.7,0.05252316
1519.725,0.05275901
1519.75,0.05299573
1519.775,0.05323331
1519.8,0.05347176
1519.825,0.05371107
1519.85,0.05395126
1519.875,0.05419233
1519.9,0.05443426
1519.925,0.05467708
1519.95,0.05492078
1519.975,0.05516536
1520.0,0.05541082
1520.025,0.05565717
1520.05,0.05590441
1520.075,0.05615254
1520.1,0.05640156
1520.125,0.05665147
1520.15,0.05690229
1520.175,0.057154
1520.2,0.05740661
1520.225,0.05766013
1520.25,0.05791455
1520.275,0.05816988
1520.3,0.05842612
1520.325,0.05868327
1520.35,0.05894134
1520.375,0.05920032
1520.4,0.05946021
1520.425,0.05972103
1520.45,0.05998277
1520.475,0.06024544
1520.5,0.06050903
1520.525,0.06077355
1520.55,0.061039
1520.575,0.06130539
1520.6,0.0615727
1520.625,0.06184096
1520.65,0.06211015
1520.675,0.06238029
1520.7,0.06265137
1520.725,0.06292339
1520.75,0.06319636
1520.775,0.06347029
1520.8,0.06374516
1520.825,0.06402098
1520.85,0.06429777
1520.875,0.0645755
1520.9,0.0648542
1520.925,0.06513387
1520.95,0.06541449
1520.975,0.06569608
1521.0,0.06597864
1521.025,0.06626217
1521.05,0.06654667
1521.075,0.06683215
1521.1,0.0671186
1521.125,0.06740604
1521.15,0.06769445
1521.175,0.06798384
1521.2,0.06827422
1521.225,0.06856559
1521.25,0.06885794
1521.275,0.06915129
1521.3,0.06944563
1521.325,0.06974096
1521.35,0.07003729
1521.375,0.07033462
1521.4,0.07063295
1521.425,0.07093229
1521.45,0.07123262
1521.475,0.07153397
1521.5,0.07183632
1521.525,0.07213969
1521.55,0.07244407
1521.575,0.07274946
1521.6,0.07305588
1521.625,0.07336331
1521.65,0.07367176
1521.675,0.07398124
1521.7,0.07429174
1521.725,0.07460326
1521.75,0.07491582
1521.775,0.07522941
1521.8,0.07554403
1521.825,0.07585969
1521.85,0.07617638
1521.875,0.07649412
1521.9,0.07681289
1521.925,0.07713271
1521.95,0.07745357
1521.975,0.07777549
1522.0,0.07809844
1522.025,0.07842246
1522.05,0.07874752
1522.075,0.07907364
1522.1,0.07940081
1522.125,0.07972905
1522.15,0.08005834
1522.175,0.0803887
1522.2,0.08072012
1522.225,0.08105261
1522.25,0.08138617
1522.275,0.0817208
1522.3,0.0820565
1522.325,0.08239327
1522.35,0.08273112
1522.375,0.08307005
1522.4,0.08341006
1522.425,0.08375115
1522.45,0.08409333
1522.475,0.08443659
1522.5,0.08478094
1522.525,0.08512638
1522.55,0.08547291
1522.575,0.08582053
1522.6,0.08616925
1522.625,0.08651906
1522.65,0.08686997
1522.675,0.08722199
1522.7,0.08757511
1522.725,0.08792933
1522.75,0.08828465
1522.775,0.08864109
1522.8,0.08899863
1522.825,0.08935729
1522.85,0.08971706
1522.875,0.09007795
1522.9,0.09043995
1522.925,0.09080307
1522.95,0.09116732
1522.975,0.09153268
1523.0,0.09189917
1523.025,0.09226679
1523.05,0.09263553
1523.075,0.09300541
1523.1,0.09337641
1523.125,0.09374855
1523.15,0.09412183
1523.175,0.09449624
1523.2,0.09487179
1523.225,0.09524848
1523.25,0.09562631
1523.275,0.09600528
1523.3,0.0963854
1523.325,0.09676667
1523.35,0.09714909
1523.375,0.09753265
1523.4,0.09791737
1523.425,0.09830325
1523.45,0.09869028
1523.475,0.09907846
1523.5,0.09946781
1523.525,0.09985831
1523.55,0.10024998
1523.575,0.10064281
1523.6,0.10103681
1523.625,0.10143198
1523.65,0.10182831
1523.675,0.10222582
1523.7,0.1026245
1523.725,0.10302435
1523.75,0.10342537
1523.775,0.10382758
1523.8,0.10423096
1523.825,0.10463552
1523.85,0.10504127
1523.875,0.10544819
1523.9,0.10585631
1523.925,0.1062656
1523.95,0.10667609
1523.975,0.10708777
1524.0,0.10750064
1524.025,0.1079147
1524.05,0.10832995
1524.075,0.1087464
1524.1,0.10916405
1524.125,0.1095829
1524.15,0.11000294
1524.175,0.11042419
1524.2,0.11084664
1524.225,0.1112703
1524.25,0.11169516
1524.275,0.11212123
1524.3,0.11254851
1524.325,0.112977
1524.35,0.1134067
1524.375,0.11383762
1524.4,0.11426975
1524.425,0.11470309
1524.45,0.11513766
1524.475,0.11557344
1524.5,0.11601044
1524.525,0.11644867
1524.55,0.11688811
1524.575,0.11732879
1524.6,0.11777068
1524.625,0.11821381
1524.65,0.11865816
1524.675,0.11910375
1524.7,0.11955056
1524.725,0.11999861
1524.75,0.12044789
1524.775,0.1208984
1524.8,0.12135015
1524.825,0.12180314
1524.85,0.12225737
1524.875,0.12271284
1524.9,0.12316955
1524.925,0.1236275
1524.95,0.1240867
1524.975,0.12454714
1525.0,0.12500883
1525.025,0.12547176
1525.05,0.12593594
1525.075,0.12640138
1525.1,0.12686806
1525.125,0.127336
1525.15,0.12780519
1525.175,0.12827563
1525.2,0.12874733
1525.225,0.12922029
1525.25,0.1296945
1525.275,0.13016997
1525.3,0.1306467
1525.325,0.1311247
1525.35,0.13160395
1525.375,0.13208447
1525.4,0.13256626
1525.425,0.1330493
1525.45,0.13353362
1525.475,0.1340192
1525.5,0.13450605
1525.525,0.13499417
1525.55,0.13548356
1525.575,0.13597422
1525.6,0.13646616
1525.625,0.13695936
1525.65,0.13745385
1525.675,0.1379496
1525.7,0.13844663
1525.725,0.13894494
1525.75,0.13944453
1525.775,0.1399454
1525.8,0.14044754
1525.825,0.14095097
1525.85,0.14145567
1525.875,0.14196166
1525.9,0.14246894
1525.925,0.14297749
1525.95,0.14348733
1525.975,0.14399846
1526.0,0.14451087
1526.025,0.14502457
1526.05,0.14553956
1526.075,0.14605584
1526.1,0.1465734
1526.125,0.14709226
1526.15,0.14761241
1526.175,0.14813384
1526.2,0.14865658
1526.225,0.1491806
1526.25,0.14970592
1526.275,0.15023253
1526.3,0.15076043
1526.325,0.15128963
1526.35,0.15182013
1526.375,0.15235193
1526.4,0.15288502
1526.425,0.15341941
1526.45,0.1539551
1526.475,0.15449208
1526.5,0.15503037
1526.525,0.15556996
1526.55,0.15611084
1526.575,0.15665303
1526.6,0.15719652
1526.625,0.15774132
1526.65,0.15828741
1526.675,0.15883481
1526.7,0.15938351
1526.725,0.15993352
1526.75,0.16048483
1526.775,0.16103745
1526.8,0.16159137
1526.825,0.1621466
1526.85,0.16270313
1526.875,0.16326097
1526.9,0.16382011
1526.925,0.16438057
1526.95,0.16494233
1526.975,0.1655054
1527.0,0.16606977
1527.025,0.16663546
1527.05,0.16720245
1527.075,0.16777075
1527.1,0.16834036
1527.125,0.16891128
1527.15,0.16948351
1527.175,0.17005705
1527.2,0.1706319
1527.225,0.17120806
1527.25,0.17178553
1527.275,0.17236431
1527.3,0.1729444
1527.325,0.1735258
1527.35,0.17410851
1527.375,0.17469253
1527.4,0.17527786
1527.425,0.17586451
1527.45,0.17645246
1527.475,0.17704173
1527.5,0.1776323
1527.525,0.17822419
1527.55,0.17881739
1527.575,0.1794119
1527.6,0.18000772
1527.625,0.18060485
1527.65,0.18120329
1527.675,0.18180304
1527.7,0.1824041
1527.725,0.18300648
1527.75,0.18361016
1527.775,0.18421515
1527.8,0.18482146
1527.825,0.18542907
1527.85,0.18603799
1527.875,0.18664822
1527.9,0.18725976
1527.925,0.18787261
1527.95,0.18848677
1527.975,0.18910224
1528.0,0.18971901
1528.025,0.1903371
1528.05,0.19095649
1528.075,0.19157718
1528.1,0.19219919
1528.125,0.1928225
1528.15,0.19344711
1528.175,0.19407304
1528.2,0.19470026
1528.225,0.1953288
1528.25,0.19595863
1528.275,0.19658977
1528.3,0.19722222
1528.325,0.19785596
1528.35,0.19849101
1528.375,0.19912736
1528.4,0.19976501
1528.425,0.20040397
1528.45,0.20104422
1528.475,0.20168577
1528.5,0.20232862
1528.525,0.20297277
1528.55,0.20361822
1528.575,0.20426496
1528.6,0.20491301
1528.625,0.20556234
1528.65,0.20621297
1528.675,0.2068649
1528.7,0.20751812
1528.725,0.20817263
1528.75,0.20882844
1528.775,0.20948553
1528.8,0.21014392
1528.825,0.2108036
1528.85,0.21146456
1528.875,0.21212681
1528.9,0.21279035
1528.925,0.21345518
1528.95,0.21412129
1528.975,0.21478868
1529.0,0.21545736
1529.025,0.21612733
1529.05,0.21679857
1529.075,0.21747109
1529.1,0.21814489
1529.125,0.21881997
1529.15,0.21949633
1529.175,0.22017397
1529.2,0.22085288
1529.225,0.22153306
1529.25,0.22221452
1529.275,0.22289725
1529.3,0.22358125
1529.325,0.22426652
1529.35,0.22495306
1529.375,0.22564086
1529.4,0.22632993
1529.425,0.22702027
1529.45,0.22771187
1529.475,0.22840473
1529.5,0.22909885
1529.525,0.22979423
1529.55,0.23049087
1529.575,0.23118877
1529.6,0.23188792
1529.625,0.23258833
1529.65,0.23328999
1529.675,0.2339929
1529.7,0.23469706
1529.725,0.23540247
1529.75,0.23610913
1529.775,0.23681703
1529.8,0.23752618
1529.825,0.23823657
1529.85,0.23894819
1529.875,0.23966106
1529.9,0.24037517
1529.925,0.24109051
1529.95,0.24180709
1529.975,0.2425249
1530.0,0.24324394
1530.025,0.24396421
1530.05,0.24468571
1530.075,0.24540844
1530.1,0.24613239
1530.125,0.24685756
1530.15,0.24758395
1530.175,0.24831157
1530.2,0.2490404
1530.225,0.24977044
1530.25,0.2505017
1530.275,0.25123417
1530.3,0.25196785
1530.325,0.25270274
1530.35,0.25343883
1530.375,0.25417613
1530.4,0.25491463
1530.425,0.25565434
1530.45,0.25639524
1530.475,0.25713733
1530.5,0.25788062
1530.525,0.2586251
1530.55,0.25937078
1530.575,0.26011764
1530.6,0.26086568
1530.625,0.26161491
1530.65,0.26236532
1530.675,0.26311691
1530.7,0.26386968
1530.725,0.26462362
1530.75,0.26537874
1530.775,0.26613503
1530.8,0.26689248
1530.825,0.2676511
1530.85,0.26841088
1530.875,0.26917183
1530.9,0.26993393
1530.925,0.2706972
1530.95,0.27146161
1530.975,0.27222718
1531.0,0.2729939
1531.025,0.27376176
1531.05,0.27453077
1531.075,0.27530092
1531.1,0.27607221
1531.125,0.27684463
1531.15,0.27761819
1531.175,0.27839289
1531.2,0.27916871
1531.225,0.27994566
1531.25,0.28072373
1531.275,0.28150293
1531.3,0.28228324
1531.325,0.28306467
1531.35,0.28384722
1531.375,0.28463087
1531.4,0.28541563
1531.425,0.2862015
1531.45,0.28698847
1531.475,0.28777654
1531.5,0.2885657
1531.525,0.28935596
1531.55,0.29014732
1531.575,0.29093976
1531.6,0.29173328
1531.625,0.29252789
1531.65,0.29332358
1531.675,0.29412034
1531.7,0.29491818
1531.725,0.29571709
1531.75,0.29651706
1531.775,0.2973181
1531.8,0.2981202
1531.825,0.29892336
1531.85,0.29972758
1531.875,0.30053285
1531.9,0.30133916
1531.925,0.30214652
1531.95,0.30295493
1531.975,0.30376437
1532.0,0.30457486
1532.025,0.30538637
1532.05,0.30619891
1532.075,0.30701248
1532.1,0.30782708
1532.125,0.30864269
1532.15,0.30945932
1532.175,0.31027697
1532.2,0.31109562
1532.225,0.31191528
1532.25,0.31273594
1532.275,0.3135576
1532.3,0.31438026
1532.325,0.31520391
1532.35,0.31602855
1532.375,0.31685418
1532.4,0.31768079
1532.425,0.31850837
1532.45,0.31933694
1532.475,0.32016647
1532.5,0.32099697
1532.525,0.32182843
1532.55,0.32266086
1532.575,0.32349424
1532.6,0.32432858
1532.625,0.32516386
1532.65,0.32600009
1532.675,0.32683726
1532.7,0.32767537
1532.725,0.32851442
1532.75,0.32935439
1532.775,0.33019529
1532.8,0.33103711
1532.825,0.33187986
1532.85,0.33272351
1532.875,0.33356808
1532.9,0.33441356
1532.925,0.33525994
1532.95,0.33610722
1532.975,0.33695539
1533.0,0.33780445
1533.025,0.3386544
1533.05,0.33950524
1533.075,0.34035695
1533.1,0.34120954
1533.125,0.342063
1533.15,0.34291732
1533.175,0.34377251
1533.2,0.34462855
1533.225,0.34548545
1533.25,0.3463432
1533.275,0.3472018
1533.3,0.34806123
1533.325,0.34892151
1533.35,0.34978261
1533.375,0.35064455
1533.4,0.35150731
1533.425,0.35237088
1533.45,0.35323528
1533.475,0.35410048
1533.5,0.35496649
1533.525,0.3558333
1533.55,0.35670091
1533.575,0.35756932
1533.6,0.35843851
1533.625,0.35930849
1533.65,0.36017924
1533.675,0.36105077
1533.7,0.36192307
1533.725,0.36279614
1533.75,0.36366997
1533.775,0.36454455
1533.8,0.36541989
1533.825,0.36629597
1533.85,0.3671728
1533.875,0.36805036
1533.9,0.36892866
1533.925,0.36980768
1533.95,0.37068743
1533.975,0.3715679
1534.0,0.37244908
1534.025,0.37333097
1534.05,0.37421356
1534.075,0.37509685
1534.1,0.37598084
1534.125,0.37686552
1534.15,0.37775088
1534.175,0.37863692
1534.2,0.37952364
1534.225,0.38041103
1534.25,0.38129908
1534.275,0.38218779
1534.3,0.38307715
1534.325,0.38396717
1534.35,0.38485783
1534.375,0.38574913
1534.4,0.38664106
1534.425,0.38753362
1534.45,0.38842681
1534.475,0.38932061
1534.5,0.39021503
1534.525,0.39111006
1534.55,0.39200569
1534.575,0.39290192
1534.6,0.39379874
1534.625,0.39469615
1534.65,0.39559414
1534.675,0.39649271
1534.7,0.39739184
1534.725,0.39829155
1534.75,0.39919181
1534.775,0.40009263
1534.8,0.400994
1534.825,0.40189592
1534.85,0.40279837
1534.875,0.40370136
1534.9,0.40460487
1534.925,0.40550891
1534.95,0.40641347
1534.975,0.40731853
1535.0,0.4082241
1535.025,0.40913018
1535.05,0.41003674
1535.075,0.4109438
1535.1,0.41185134
1535.125,0.41275935
1535.15,0.41366784
1535.175,0.4145768
1535.2,0.41548621
1535.225,0.41639608
1535.25,0.4173064
1535.275,0.41821717
1535.3,0.41912837
1535.325,0.42004
1535.35,0.42095206
1535.375,0.42186454
1535.4,0.42277743
1535.425,0.42369074
1535.45,0.42460444
1535.475,0.42551854
1535.5,0.42643304
1535.525,0.42734792
1535.55,0.42826317
1535.575,0.4291788
1535.6,0.4300948
1535.625,0.43101116
1535.65,0.43192787
1535.675,0.43284493
1535.7,0.43376234
1535.725,0.43468008
1535.75,0.43559815
1535.775,0.43651655
1535.8,0.43743526
1535.825,0.43835429
1535.85,0.43927362
1535.875,0.44019326
1535.9,0.44111319
1535.925,0.4420334
1535.95,0.4429539
1535.975,0.44387467
1536.0,0.44479572
1536.025,0.44571702
1536.05,0.44663858
1536.075,0.44756039
1536.1,0.44848245
1536.125,0.44940474
1536.15,0.45032727
1536.175,0.45125002
1536.2,0.45217299
1536.225,0.45309617
1536.25,0.45401955
1536.275,0.45494314
1536.3,0.45586691
1536.325,0.45679088
1536.35,0.45771502
1536.375,0.45863934
1536.4,0.45956383
1536.425,0.46048847
1536.45,0.46141327
1536.475,0.46233822
1536.5,0.46326331
1536.525,0.46418853
1536.55,0.46511388
1536.575,0.46603935
1536.6,0.46696493
1536.625,0.46789063
1536.65,0.46881642
1536.675,0.46974231
1536.7,0.47066829
1536.725,0.47159435
1536.75,0.47252048
1536.775,0.47344668
1536.8,0.47437294
1536.825,0.47529926
1536.85,0.47622562
1536.875,0.47715203
1536.9,0.47807847
1536.925,0.47900493
1536.95,0.47993142
1536.975,0.48085792
1537.0,0.48178443
1537.025,0.48271094
1537.05,0.48363744
1537.075,0.48456392
1537.1,0.48549039
1537.125,0.48641683
1537.15,0.48734323
1537.175,0.48826959
1537.2,0.48919591
1537.225,0.49012217
1537.25,0.49104837
1537.275,0.49197449
1537.3,0.49290055
1537.325,0.49382651
1537.35,0.49475239
1537.375,0.49567817
1537.4,0.49660385
1537.425,0.49752942
1537.45,0.49845486
1537.475,0.49938019
1537.5,0.50030538
1537.525,0.50123043
1537.55,0.50215533
1537.575,0.50308008
1537.6,0.50400467
1537.625,0.50492909
1537.65,0.50585333
1537.675,0.50677739
1537.7,0.50770127
1537.725,0.50862494
1537.75,0.50954842
1537.775,0.51047168
1537.8,0.51139472
1537.825,0.51231754
1537.85,0.51324012
1537.875,0.51416247
1537.9,0.51508456
1537.925,0.51600641
1537.95,0.51692799
1537.975,0.5178493
1538.0,0.51877033
1538.025,0.51969108
1538.05,0.52061154
1538.075,0.52153171
1538.1,0.52245156
1538.125,0.5233711
1538.15,0.52429033
1538.175,0.52520922
1538.2,0.52612778
1538.225,0.52704599
1538.25,0.52796386
1538.275,0.52888137
1538.3,0.52979851
1538.325,0.53071528
1538.35,0.53163168
1538.375,0.53254768
1538.4,0.53346329
1538.425,0.5343785
1538.45,0.5352933
1538.475,0.53620768
1538.5,0.53712164
1538.525,0.53803516
1538.55,0.53894825
1538.575,0.53986089
1538.6,0.54077307
1538.625,0.54168479
1538.65,0.54259605
1538.675,0.54350682
1538.7,0.54441711
1538.725,0.54532691
1538.75,0.54623621
1538.775,0.547145
1538.8,0.54805328
1538.825,0.54896104
1538.85,0.54986826
1538.875,0.55077495
1538.9,0.55168109
1538.925,0.55258668
1538.95,0.55349171
1538.975,0.55439617
1539.0,0.55530005
1539.025,0.55620336
1539.05,0.55710607
1539.075,0.55800818
1539.1,0.55890968
1539.125,0.55981058
1539.15,0.56071085
1539.175,0.56161049
1539.2,0.56250949
1539.225,0.56340785
1539.25,0.56430556
1539.275,0.56520261
1539.3,0.56609899
1539.325,0.5669947
1539.35,0.56788972
1539.375,0.56878405
1539.4,0.56967768
1539.425,0.57057061
1539.45,0.57146282
1539.475,0.57235432
1539.5,0.57324508
1539.525,0.5741351
1539.55,0.57502439
1539.575,0.57591291
1539.6,0.57680068
1539.625,0.57768768
1539.65,0.57857391
1539.675,0.57945935
1539.7,0.580344
1539.725,0.58122785
1539.75,0.5821109
1539.775,0.58299313
1539.8,0.58387453
1539.825,0.58475511
1539.85,0.58563485
1539.875,0.58651375
1539.9,0.58739179
1539.925,0.58826897
1539.95,0.58914528
1539.975,0.59002071
1540.0,0.59089526
1540.025,0.59176892
1540.05,0.59264168
1540.075,0.59351353
1540.1,0.59438446
1540.125,0.59525448
1540.15,0.59612356
1540.175,0.5969917
1540.2,0.59785889
1540.225,0.59872513
1540.25,0.59959041
1540.275,0.60045472
1540.3,0.60131805
1540.325,0.60218039
1540.35,0.60304174
1540.375,0.60390209
1540.4,0.60476143
1540.425,0.60561975
1540.45,0.60647705
1540.475,0.60733332
1540.5,0.60818854
1540.525,0.60904272
1540.55,0.60989584
1540.575,0.6107479
1540.6,0.61159889
1540.625,0.61244879
1540.65,0.61329761
1540.675,0.61414534
1540.7,0.61499196
1540.725,0.61583747
1540.75,0.61668187
1540.775,0.61752514
1540.8,0.61836727
1540.825,0.61920826
1540.85,0.62004811
1540.875,0.62088679
1540.9,0.62172431
1540.925,0.62256066
1540.95,0.62339583
1540.975,0.62422981
1541.0,0.6250626
1541.025,0.62589418
1541.05,0.62672455
1541.075,0.6275537
1541.1,0.62838162
1541.125,0.62920831
1541.15,0.63003375
1541.175,0.63085795
1541.2,0.63168089
1541.225,0.63250256
1541.25,0.63332296
1541.275,0.63414208
1541.3,0.63495991
1541.325,0.63577644
1541.35,0.63659167
1541.375,0.63740558
1541.4,0.63821818
1541.425,0.63902945
1541.45,0.63983938
1541.475,0.64064798
1541.5,0.64145522
1541.525,0.6422611
1541.55,0.64306562
1541.575,0.64386876
1541.6,0.64467053
1541.625,0.6454709
1541.65,0.64626988
1541.675,0.64706745
1541.7,0.64786361
1541.725,0.64865836
1541.75,0.64945167
1541.775,0.65024355
1541.8,0.65103399
1541.825,0.65182298
1541.85,0.65261052
1541.875,0.65339658
1541.9,0.65418118
1541.925,0.65496429
1541.95,0.65574592
1541.975,0.65652605
1542.0,0.65730468
1542.025,0.6580818
1542.05,0.6588574
1542.075,0.65963148
1542.1,0.66040402
1542.125,0.66117502
1542.15,0.66194448
1542.175,0.66271238
1542.2,0.66347871
1542.225,0.66424348
1542.25,0.66500667
1542.275,0.66576827
1542.3,0.66652828
1542.325,0.66728669
1542.35,0.66804349
1542.375,0.66879868
1542.4,0.66955224
1542.425,0.67030418
1542.45,0.67105448
1542.475,0.67180313
1542.5,0.67255013
1542.525,0.67329547
1542.55,0.67403915
1542.575,0.67478115
1542.6,0.67552147
1542.625,0.6762601
1542.65,0.67699703
1542.675,0.67773226
1542.7,0.67846578
1542.725,0.67919759
1542.75,0.67992766
1542.775,0.68065601
1542.8,0.68138261
1542.825,0.68210747
1542.85,0.68283058
1542.875,0.68355192
1542.9,0.68427149
1542.925,0.68498929
1542.95,0.68570531
1542.975,0.68641953
1543.0,0.68713196
1543.025,0.68784258
1543.05,0.6885514
1543.075,0.68925839
1543.1,0.68996356
1543.125,0.69066689
1543.15,0.69136839
1543.175,0.69206804
1543.2,0.69276583
1543.225,0.69346176
1543.25,0.69415583
1543.275,0.69484802
1543.3,0.69553833
1543.325,0.69622675
1543.35,0.69691327
1543.375,0.69759789
1543.4,0.6982806
1543.425,0.6989614
1543.45,0.69964027
1543.475,0.7003172
1543.5,0.70099221
1543.525,0.70166526
1543.55,0.70233637
1543.575,0.70300552
1543.6,0.7036727
1543.625,0.70433792
1543.65,0.70500115
1543.675,0.7056624
1543.7,0.70632165
1543.725,0.70697891
1543.75,0.70763416
1543.775,0.7082874
1543.8,0.70893863
1543.825,0.70958782
1543.85,0.71023499
1543.875,0.71088011
1543.9,0.71152319
1543.925,0.71216422
1543.95,0.71280319
1543.975,0.71344009
1544.0,0.71407493
1544.025,0.71470768
1544.05,0.71533835
1544.075,0.71596693
1544.1,0.71659341
1544.125,0.71721778
1544.15,0.71784005
1544.175,0.7184602
1544.2,0.71907822
1544.225,0.71969412
1544.25,0.72030787
1544.275,0.72091949
1544.3,0.72152896
1544.325,0.72213627
1544.35,0.72274142
1544.375,0.7233444
1544.4,0.7239452
1544.425,0.72454383
1544.45,0.72514027
1544.475,0.72573452
1544.5,0.72632657
1544.525,0.72691641
1544.55,0.72750404
1544.575,0.72808945
1544.6,0.72867264
1544.625,0.7292536
1544.65,0.72983233
1544.675,0.73040881
1544.7,0.73098304
1544.725,0.73155502
1544.75,0.73212474
1544.775,0.7326922
1544.8,0.73325738
1544.825,0.73382028
1544.85,0.7343809
1544.875,0.73493923
1544.9,0.73549527
1544.925,0.736049
1544.95,0.73660043
1544.975,0.73714954
1545.0,0.73769634
1545.025,0.73824081
1545.05,0.73878295
1545.075,0.73932275
1545.1,0.73986021
1545.125,0.74039533
1545.15,0.74092809
1545.175,0.74145849
1545.2,0.74198653
1545.225,0.7425122
1545.25,0.74303549
1545.275,0.7435564
1545.3,0.74407493
1545.325,0.74459106
1545.35,0.7451048
1545.375,0.74561613
1545.4,0.74612505
1545.425,0.74663156
1545.45,0.74713566
1545.475,0.74763732
1545.5,0.74813656
1545.525,0.74863336
1545.55,0.74912772
1545.575,0.74961964
1545.6,0.7501091
1545.625,0.75059611
1545.65,0.75108065
1545.675,0.75156273
1545.7,0.75204234
1545.725,0.75251947
1545.75,0.75299412
1545.775,0.75346628
1545.8,0.75393595
1545.825,0.75440312
1545.85,0.75486779
1545.875,0.75532996
1545.9,0.75578961
1545.925,0.75624674
1545.95,0.75670135
1545.975,0.75715344
1546.0,0.75760299
1546.025,0.75805001
1546.05,0.75849448
1546.075,0.75893641
1546.1,0.75937579
1546.125,0.75981261
1546.15,0.76024688
1546.175,0.76067858
1546.2,0.7611077
1546.225,0.76153426
1546.25,0.76195823
1546.275,0.76237962
1546.3,0.76279843
1546.325,0.76321464
1546.35,0.76362825
1546.375,0.76403926
1546.4,0.76444767
1546.425,0.76485347
1546.45,0.76525665
1546.475,0.76565721
1546.5,0.76605515
1546.525,0.76645046
1546.55,0.76684314
1546.575,0.76723319
1546.6,0.76762059
1546.625,0.76800535
1546.65,0.76838746
1546.675,0.76876691
1546.7,0.76914371
1546.725,0.76951785
1546.75,0.76988932
1546.775,0.77025813
1546.8,0.77062426
1546.825,0.77098771
1546.85,0.77134848
1546.875,0.77170657
1546.9,0.77206197
1546.925,0.77241467
1546.95,0.77276468
1546.975,0.77311199
1547.0,0.77345659
1547.025,0.77379849
1547.05,0.77413767
1547.075,0.77447414
1547.1,0.77480789
1547.125,0.77513891
1547.15,0.77546721
1547.175,0.77579278
1547.2,0.77611562
1547.225,0.77643572
1547.25,0.77675308
1547.275,0.77706769
1547.3,0.77737956
1547.325,0.77768867
1547.35,0.77799504
1547.375,0.77829864
1547.4,0.77859948
1547.425,0.77889756
1547.45,0.77919287
1547.475,0.77948541
1547.5,0.77977518
1547.525,0.78006217
1547.55,0.78034638
1547.575,0.7806278
1547.6,0.78090644
1547.625,0.78118229
1547.65,0.78145535
1547.675,0.78172561
1547.7,0.78199307
1547.725,0.78225773
1547.75,0.78251959
1547.775,0.78277864
1547.8,0.78303488
1547.825,0.78328831
1547.85,0.78353892
1547.875,0.78378671
1547.9,0.78403168
1547.925,0.78427383
1547.95,0.78451315
1547.975,0.78474964
1548.0,0.78498331
1548.025,0.78521413
1548.05,0.78544212
1548.075,0.78566727
1548.1,0.78588958
1548.125,0.78610904
1548.15,0.78632566
1548.175,0.78653943
1548.2,0.78675034
1548.225,0.7869584
1548.25,0.78716361
1548.275,0.78736596
1548.3,0.78756545
1548.325,0.78776207
1548.35,0.78795583
1548.375,0.78814672
1548.4,0.78833475
1548.425,0.7885199
1548.45,0.78870218
1548.475,0.78888158
1548.5,0.78905811
1548.525,0.78923175
1548.55,0.78940252
1548.575,0.7895704
1548.6,0.7897354
1548.625,0.78989751
1548.65,0.79005673
1548.675,0.79021307
1548.7,0.79036651
1548.725,0.79051705
1548.75,0.7906647
1548.775,0.79080946
1548.8,0.79095131
1548.825,0.79109027
1548.85,0.79122632
1548.875,0.79135947
1548.9,0.79148972
1548.925,0.79161706
1548.95,0.79174149
1548.975,0.79186301
1549.0,0.79198162
1549.025,0.79209733
1549.05,0.79221011
1549.075,0.79231999
1549.1,0.79242695
1549.125,0.79253099
1549.15,0.79263211
1549.175,0.79273032
1549.2,0.7928256
1549.225,0.79291797
1549.25,0.79300741
1549.275,0.79309393
1549.3,0.79317753
1549.325,0.7932582
1549.35,0.79333594
1549.375,0.79341076
1549.4,0.79348266
1549.425,0.79355162
1549.45,0.79361765
1549.475,0.79368076
1549.5,0.79374093
1549.525,0.79379817
1549.55,0.79385249
1549.575,0.79390386
1549.6,0.79395231
1549.625,0.79399782
1549.65,0.7940404
1549.675,0.79408005
1549.7,0.79411676
1549.725,0.79415053
1549.75,0.79418137
1549.775,0.79420927
1549.8,0.79423424
1549.825,0.79425627
1549.85,0.79427536
1549.875,0.79429152
1549.9,0.79430473
1549.925,0.79431502
1549.95,0.79432236
1549.975,0.79432677
1550.0,0.79432823
1550.025,0.79432677
1550.05,0.79432236
1550.075,0.79431502
1550.1,0.79430473
1550.125,0.79429152
1550.15,0.79427536
1550.175,0.79425627
1550.2,0.79423424
1550.225,0.79420927
1550.25,0.79418137
1550.275,0.79415053
1550.3,0.79411676
1550.325,0.79408005
1550.35,0.7940404
1550.375,0.79399782
1550.4,0.79395231
1550.425,0.79390386
1550.45,0.79385249
1550.475,0.79379817
1550.5,0.79374093
1550.525,0.79368076
1550.55,0.79361765
1550.575,0.79355162
1550.6,0.79348266
1550.625,0.79341076
1550.65,0.79333594
1550.675,0.7932582
1550.7,0.79317753
1550.725,0.79309393
1550.75,0.79300741
1550.775,0.79291797
1550.8,0.7928256
1550.825,0.79273032
1550.85,0.79263211
1550.875,0.79253099
1550.9,0.79242695
1550.925,0.79231999
1550.95,0.79221011
1550.975,0.79209733
1551.0,0.79198162
1551.025,0.79186301
1551.05,0.79174149
1551.075,0.79161706
1551.1,0.79148972
1551.125,0.79135947
1551.15,0.79122632
1551.175,0.79109027
1551.2,0.79095131
1551.225,0.79080946
1551.25,0.7906647
1551.275,0.79051705
1551.3,0.79036651
1551.325,0.79021307
1551.35,0.79005673
1551.375,0.78989751
1551.4,0.7897354
1551.425,0.7895704
1551.45,0.78940252
1551.475,0.78923175
1551.5,0.78905811
1551.525,0.78888158
1551.55,0.78870218
1551.575,0.7885199
1551.6,0.78833475
1551.625,0.78814672
1551.65,0.78795583
1551.675,0.78776207
1551.7,0.78756545
1551.725,0.78736596
1551.75,0.78716361
1551.775,0.7869584
1551.8,0.78675034
1551.825,0.78653943
1551.85,0.78632566
1551.875,0.78610904
1551.9,0.78588958
1551.925,0.78566727
1551.95,0.78544212
1551.975,0.78521413
1552.0,0.78498331
1552.025,0.78474964
1552.05,0.78451315
1552.075,0.78427383
1552.1,0.78403168
1552.125,0.78378671
1552.15,0.78353892
1552.175,0.78328831
1552.2,0.78303488
1552.225,0.78277864
1552.25,0.78251959
1552.275,0.78225773
1552.3,0.78199307
1552.325,0.78172561
1552.35,0.78145535
1552.375,0.78118229
1552.4,0.78090644
1552.425,0.7806278
1552.45,0.78034638
1552.475,0.78006217
1552.5,0.77977518
1552.525,0.77948541
1552.55,0.77919287
1552.575,0.77889756
1552.6,0.77859948
1552.625,0.77829864
1552.65,0.77799504
1552.675,0.77768867
1552.7,0.77737956
1552.725,0.77706769
1552.75,0.77675308
1552.775,0.77643572
1552.8,0.77611562
1552.825,0.77579278
1552.85,0.77546721
1552.875,0.77513891
1552.9,0.77480789
1552.925,0.77447414
1552.95,0.77413767
1552.975,0.77379849
1553.0,0.77345659
1553.025,0.77311199
1553.05,0.77276468
1553.075,0.77241467
1553.1,0.77206197
1553.125,0.77170657
1553.15,0.77134848
1553.175,0.77098771
1553.2,0.77062426
1553.225,0.77025813
1553.25,0.76988932
1553.275,0.76951785
1553.3,0.76914371
1553.325,0.76876691
1553.35,0.76838746
1553.375,0.76800535
1553.4,0.76762059
1553.425,0.76723319
1553.45,0.76684314
1553.475,0.76645046
1553.5,0.76605515
1553.525,0.76565721
1553.55,0.76525665
1553.575,0.76485347
1553.6,0.76444767
1553.625,0.76403926
1553.65,0.76362825
1553.675,0.76321464
1553.7,0.76279843
1553.725,0.76237962
1553.75,0.76195823
1553.775,0.76153426
1553.8,0.7611077
1553.825,0.76067858
1553.85,0.76024688
1553.875,0.75981261
1553.9,0.75937579
1553.925,0.75893641
1553.95,0.75849448
1553.975,0.75805001
1554.0,0.75760299
1554.025,0.75715344
1554.05,0.75670135
1554.075,0.75624674
1554.1,0.75578961
1554.125,0.75532996
1554.15,0.75486779
1554.175,0.75440312
1554.2,0.75393595
1554.225,0.75346628
1554.25,0.75299412
1554.275,0.75251947
1554.3,0.75204234
1554.325,0.75156273
1554.35,0.75108065
1554.375,0.75059611
1554.4,0.7501091
1554.425,0.74961964
1554.45,0.74912772
1554.475,0.74863336
1554.5,0.74813656
1554.525,0.74763732
1554.55,0.74713566
1554.575,0.74663156
1554.6,0.74612505
1554.625,0.74561613
1554.65,0.7451048
1554.675,0.74459106
1554.7,0.74407493
1554.725,0.7435564
1554.75,0.74303549
1554.775,0.7425122
1554.8,0.74198653
1554.825,0.74145849
1554.85,0.74092809
1554.875,0.74039533
1554.9,0.73986021
1554.925,0.73932275
1554.95,0.73878295
1554.975,0.73824081
1555.0,0.73769634
1555.025,0.73714954
1555.05,0.73660043
1555.075,0.736049
1555.1,0.73549527
1555.125,0.73493923
1555.15,0.7343809
1555.175,0.73382028
1555.2,0.73325738
1555.225,0.7326922
1555.25,0.73212474
1555.275,0.73155502
1555.3,0.73098304
1555.325,0.73040881
1555.35,0.72983233
1555.375,0.7292536
1555.4,0.72867264
1555.425,0.72808945
1555.45,0.72750404
1555.475,0.72691641
1555.5,0.72632657
1555.525,0.72573452
1555.55,0.72514027
1555.575,0.72454383
1555.6,0.7239452
1555.625,0.7233444
1555.65,0.72274142
1555.675,0.72213627
1555.7,0.72152896
1555.725,0.72091949
1555.75,0.72030787
1555.775,0.71969412
1555.8,0.71907822
1555.825,0.7184602
1555.85,0.71784005
1555.875,0.71721778
1555.9,0.71659341
1555.925,0.71596693
1555.95,0.71533835
1555.975,0.71470768
1556.0,0.71407493
1556.025,0.71344009
1556.05,0.71280319
1556.075,0.71216422
1556.1,0.71152319
1556.125,0.71088011
1556.15,0.71023499
1556.175,0.70958782
1556.2,0.70893863
1556.225,0.7082874
1556.25,0.70763416
1556.275,0.70697891
1556.3,0.70632165
1556.325,0.7056624
1556.35,0.70500115
1556.375,0.70433792
1556.4,0.7036727
1556.425,0.70300552
1556.45,0.70233637
1556.475,0.70166526
1556.5,0.70099221
1556.525,0.7003172
1556.55,0.69964027
1556.575,0.6989614
1556.6,0.6982806
1556.625,0.69759789
1556.65,0.69691327
1556.675,0.69622675
1556.7,0.69553833
1556.725,0.69484802
1556.75,0.69415583
1556.775,0.69346176
1556.8,0.69276583
1556.825,0.69206804
1556.85,0.69136839
1556.875,0.69066689
1556.9,0.68996356
1556.925,0.68925839
1556.95,0.6885514
1556.975,0.68784258
1557.0,0.68713196
1557.025,0.68641953
1557.05,0.68570531
1557.075,0.68498929
1557.1,0.68427149
1557.125,0.68355192
1557.15,0.68283058
1557.175,0.68210747
1557.2,0.68138261
1557.225,0.68065601
1557.25,0.67992766
1557.275,0.67919759
1557.3,0.67846578
1557.325,0.67773226
1557.35,0.67699703
1557.375,0.6762601
1557.4,0.67552147
1557.425,0.67478115
1557.45,0.67403915
1557.475,0.67329547
1557.5,0.67255013
1557.525,0.67180313
1557.55,0.67105448
1557.575,0.67030418
1557.6,0.66955224
1557.625,0.66879868
1557.65,0.66804349
1557.675,0.66728669
1557.7,0.66652828
1557.725,0.66576827
1557.75,0.66500667
1557.775,0.66424348
1557.8,0.66347871
1557.825,0.66271238
1557.85,0.66194448
1557.875,0.66117502
1557.9,0.66040402
1557.925,0.65963148
1557.95,0.6588574
1557.975,0.6580818
1558.0,0.65730468
1558.025,0.65652605
1558.05,0.65574592
1558.075,0.65496429
1558.1,0.65418118
1558.125,0.65339658
1558.15,0.65261052
1558.175,0.65182298
1558.2,0.65103399
1558.225,0.65024355
1558.25,0.64945167
1558.275,0.64865836
1558.3,0.64786361
1558.325,0.64706745
1558.35,0.64626988
1558.375,0.6454709
1558.4,0.64467053
1558.425,0.64386876
1558.45,0.64306562
1558.475,0.6422611
1558.5,0.64145522
1558.525,0.64064798
1558.55,0.63983938
1558.575,0.63902945
1558.6,0.63821818
1558.625,0.63740558
1558.65,0.63659167
1558.675,0.63577644
1558.7,0.63495991
1558.725,0.63414208
1558.75,0.63332296
1558.775,0.63250256
1558.8,0.63168089
1558.825,0.63085795
1558.85,0.63003375
1558.875,0.62920831
1558.9,0.62838162
1558.925,0.6275537
1558.95,0.62672455
1558.975,0.62589418
1559.0,0.6250626
1559.025,0.62422981
1559.05,0.62339583
1559.075,0.62256066
1559.1,0.62172431
1559.125,0.62088679
1559.15,0.62004811
1559.175,0.61920826
1559.2,0.61836727
1559.225,0.61752514
1559.25,0.61668187
1559.275,0.61583747
1559.3,0.61499196
1559.325,0.61414534
1559.35,0.61329761
1559.375,0.61244879
1559.4,0.61159889
1559.425,0.6107479
1559.45,0.60989584
1559.475,0.60904272
1559.5,0.60818854
1559.525,0.60733332
1559.55,0.60647705
1559.575,0.60561975
1559.6,0.60476143
1559.625,0.60390209
1559.65,0.60304174
1559.675,0.60218039
1559.7,0.60131805
1559.725,0.60045472
1559.75,0.59959041
1559.775,0.59872513
1559.8,0.59785889
1559.825,0.5969917
1559.85,0.59612356
1559.875,0.59525448
1559.9,0.59438446
1559.925,0.59351353
1559.95,0.59264168
1559.975,0.59176892
1560.0,0.59089526
1560.025,0.59002071
1560.05,0.58914528
1560.075,0.58826897
1560.1,0.58739179
1560.125,0.58651375
1560.15,0.58563485
1560.175,0.58475511
1560.2,0.58387453
1560.225,0.58299313
1560.25,0.5821109
1560.275,0.58122785
1560.3,0.580344
1560.325,0.57945935
1560.35,0.57857391
1560.375,0.57768768
1560.4,0.57680068
1560.425,0.57591291
1560.45,0.57502439
1560.475,0.5741351
1560.5,0.57324508
1560.525,0.57235432
1560.55,0.57146282
1560.575,0.57057061
1560.6,0.56967768
1560.625,0.56878405
1560.65,0.56788972
1560.675,0.5669947
1560.7,0.56609899
1560.725,0.56520261
1560.75,0.56430556
1560.775,0.56340785
1560.8,0.56250949
1560.825,0.56161049
1560.85,0.56071085
1560.875,0.55981058
1560.9,0.55890968
1560.925,0.55800818
1560.95,0.55710607
1560.975,0.55620336
1561.0,0.55530005
1561.025,0.55439617
1561.05,0.55349171
1561.075,0.55258668
1561.1,0.55168109
1561.125,0.55077495
1561.15,0.54986826
1561.175,0.54896104
1561.2,0.54805328
1561.225,0.547145
1561.25,0.54623621
1561.275,0.54532691
1561.3,0.54441711
1561.325,0.54350682
1561.35,0.54259605
1561.375,0.54168479
1561.4,0.54077307
1561.425,0.53986089
1561.45,0.53894825
1561.475,0.53803516
1561.5,0.53712164
1561.525,0.53620768
1561.55,0.5352933
1561.575,0.5343785
1561.6,0.53346329
1561.625,0.53254768
1561.65,0.53163168
1561.675,0.53071528
1561.7,0.52979851
1561.725,0.52888137
1561.75,0.52796386
1561.775,0.52704599
1561.8,0.52612778
1561.825,0.52520922
1561.85,0.52429033
1561.875,0.5233711
1561.9,0.52245156
1561.925,0.52153171
1561.95,0.52061154
1561.975,0.51969108
1562.0,0.51877033
1562.025,0.5178493
1562.05,0.51692799
1562.075,0.51600641
1562.1,0.51508456
1562.125,0.51416247
1562.15,0.51324012
1562.175,0.51231754
1562.2,0.51139472
1562.225,0.51047168
1562.25,0.50954842
1562.275,0.50862494
1562.3,0.50770127
1562.325,0.50677739
1562.35,0.50585333
1562.375,0.50492909
1562.4,0.50400467
1562.425,0.50308008
1562.45,0.50215533
1562.475,0.50123043
1562.5,0.50030538
1562.525,0.49938019
1562.55,0.49845486
1562.575,0.49752942
1562.6,0.49660385
1562.625,0.49567817
1562.65,0.49475239
1562.675,0.49382651
1562.7,0.49290055
1562.725,0.49197449
1562.75,0.49104837
1562.775,0.49012217
1562.8,0.48919591
1562.825,0.48826959
1562.85,0.48734323
1562.875,0.48641683
1562.9,0.48549039
1562.925,0.48456392
1562.95,0.48363744
1562.975,0.48271094
1563.0,0.48178443
1563.025,0.48085792
1563.05,0.47993142
1563.075,0.47900493
1563.1,0.47807847
1563.125,0.47715203
1563.15,0.47622562
1563.175,0.47529926
1563.2,0.47437294
1563.225,0.47344668
1563.25,0.47252048
1563.275,0.47159435
1563.3,0.47066829
1563.325,0.46974231
1563.35,0.46881642
1563.375,0.46789063
1563.4,0.46696493
1563.425,0.46603935
1563.45,0.46511388
1563.475,0.46418853
1563.5,0.46326331
1563.525,0.46233822
1563.55,0.46141327
1563.575,0.46048847
1563.6,0.45956383
1563.625,0.45863934
1563.65,0.45771502
1563.675,0.45679088
1563.7,0.45586691
1563.725,0.45494314
1563.75,0.45401955
1563.775,0.45309617
1563.8,0.45217299
1563.825,0.45125002
1563.85,0.45032727
1563.875,0.44940474
1563.9,0.44848245
1563.925,0.44756039
1563.95,0.44663858
1563.975,0.44571702
1564.0,0.44479572
1564.025,0.44387467
1564.05,0.4429539
1564.075,0.4420334
1564.1,0.44111319
1564.125,0.44019326
1564.15,0.43927362
1564.175,0.43835429
1564.2,0.43743526
1564.225,0.43651655
1564.25,0.43559815
1564.275,0.43468008
1564.3,0.43376234
1564.325,0.43284493
1564.35,0.43192787
1564.375,0.43101116
1564.4,0.4300948
1564.425,0.4291788
1564.45,0.42826317
1564.475,0.42734792
1564.5,0.42643304
1564.525,0.42551854
1564.55,0.42460444
1564.575,0.42369074
1564.6,0.42277743
1564.625,0.42186454
1564.65,0.42095206
1564.675,0.42004
1564.7,0.41912837
1564.725,0.41821717
1564.75,0.4173064
1564.775,0.41639608
1564.8,0.41548621
1564.825,0.4145768
1564.85,0.41366784
1564.875,0.41275935
1564.9,0.41185134
1564.925,0.4109438
1564.95,0.41003674
1564.975,0.40913018
1565.0,0.4082241
1565.025,0.40731853
1565.05,0.40641347
1565.075,0.40550891
1565.1,0.40460487
1565.125,0.40370136
1565.15,0.40279837
1565.175,0.40189592
1565.2,0.400994
1565.225,0.40009263
1565.25,0.39919181
1565.275,0.39829155
1565.3,0.39739184
1565.325,0.39649271
1565.35,0.39559414
1565.375,0.39469615
1565.4,0.39379874
1565.425,0.39290192
1565.45,0.39200569
1565.475,0.39111006
1565.5,0.39021503
1565.525,0.38932061
1565.55,0.38842681
1565.575,0.38753362
1565.6,0.38664106
1565.625,0.38574913
1565.65,0.38485783
1565.675,0.38396717
1565.7,0.38307715
1565.725,0.38218779
1565.75,0.38129908
1565.775,0.38041103
1565.8,0.37952364
1565.825,0.37863692
1565.85,0.37775088
1565.875,0.37686552
1565.9,0.37598084
1565.925,0.37509685
1565.95,0.37421356
1565.975,0.37333097
1566.0,0.37244908
1566.025,0.3715679
1566.05,0.37068743
1566.075,0.36980768
1566.1,0.36892866
1566.125,0.36805036
1566.15,0.3671728
1566.175,0.36629597
1566.2,0.36541989
1566.225,0.36454455
1566.25,0.36366997
1566.275,0.36279614
1566.3,0.36192307
1566.325,0.36105077
1566.35,0.36017924
1566.375,0.35930849
1566.4,0.35843851
1566.425,0.35756932
1566.45,0.35670091
1566.475,0.3558333
1566.5,0.35496649
1566.525,0.35410048
1566.55,0.35323528
1566.575,0.35237088
1566.6,0.35150731
1566.625,0.35064455
1566.65,0.34978261
1566.675,0.34892151
1566.7,0.34806123
1566.725,0.3472018
1566.75,0.3463432
1566.775,0.34548545
1566.8,0.34462855
1566.825,0.34377251
1566.85,0.34291732
1566.875,0.342063
1566.9,0.34120954
1566.925,0.34035695
1566.95,0.33950524
1566.975,0.3386544
1567.0,0.33780445
1567.025,0.33695539
1567.05,0.33610722
1567.075,0.33525994
1567.1,0.33441356
1567.125,0.33356808
1567.15,0.33272351
1567.175,0.33187986
1567.2,0.33103711
1567.225,0.33019529
1567.25,0.32935439
1567.275,0.32851442
1567.3,0.32767537
1567.325,0.32683726
1567.35,0.32600009
1567.375,0.32516386
1567.4,0.32432858
1567.425,0.32349424
1567.45,0.32266086
1567.475,0.32182843
1567.5,0.32099697
1567.525,0.32016647
1567.55,0.31933694
1567.575,0.31850837
1567.6,0.31768079
1567.625,0.31685418
1567.65,0.31602855
1567.675,0.31520391
1567.7,0.31438026
1567.725,0.3135576
1567.75,0.31273594
1567.775,0.31191528
1567.8,0.31109562
1567.825,0.31027697
1567.85,0.30945932
1567.875,0.30864269
1567.9,0.30782708
1567.925,0.30701248
1567.95,0.30619891
1567.975,0.30538637
1568.0,0.30457486
1568.025,0.30376437
1568.05,0.30295493
1568.075,0.30214652
1568.1,0.30133916
1568.125,0.30053285
1568.15,0.29972758
1568.175,0.29892336
1568.2,0.2981202
1568.225,0.2973181
1568.25,0.29651706
1568.275,0.29571709
1568.3,0.29491818
1568.325,0.29412034
1568.35,0.29332358
1568.375,0.29252789
1568.4,0.29173328
1568.425,0.29093976
1568.45,0.29014732
1568.475,0.28935596
1568.5,0.2885657
1568.525,0.28777654
1568.55,0.28698847
1568.575,0.2862015
1568.6,0.28541563
1568.625,0.28463087
1568.65,0.28384722
1568.675,0.28306467
1568.7,0.28228324
1568.725,0.28150293
1568.75,0.28072373
1568.775,0.27994566
1568.8,0.27916871
1568.825,0.27839289
1568.85,0.27761819
1568.875,0.27684463
1568.9,0.27607221
1568.925,0.27530092
1568.95,0.27453077
1568.975,0.27376176
1569.0,0.2729939
1569.025,0.27222718
1569.05,0.27146161
1569.075,0.2706972
1569.1,0.26993393
1569.125,0.26917183
1569.15,0.26841088
1569.175,0.2676511
1569.2,0.26689248
1569.225,0.26613503
1569.25,0.26537874
1569.275,0.26462362
1569.3,0.26386968
1569.325,0.26311691
1569.35,0.26236532
1569.375,0.26161491
1569.4,0.26086568
1569.425,0.26011764
1569.45,0.25937078
1569.475,0.2586251
1569.5,0.25788062
1569.525,0.25713733
1569.55,0.25639524
1569.575,0.25565434
1569.6,0.25491463
1569.625,0.25417613
1569.65,0.25343883
1569.675,0.25270274
1569.7,0.25196785
1569.725,0.25123417
1569.75,0.2505017
1569.775,0.24977044
1569.8,0.2490404
1569.825,0.24831157
1569.85,0.24758395
1569.875,0.24685756
1569.9,0.24613239
1569.925,0.24540844
1569.95,0.24468571
1569.975,0.24396421
1570.0,0.24324394
1570.025,0.2425249
1570.05,0.24180709
1570.075,0.24109051
1570.1,0.24037517
1570.125,0.23966106
1570.15,0.23894819
1570.175,0.23823657
1570.2,0.23752618
1570.225,0.23681703
1570.25,0.23610913
1570.275,0.23540247
1570.3,0.23469706
1570.325,0.2339929
1570.35,0.23328999
1570.375,0.23258833
1570.4,0.23188792
1570.425,0.23118877
1570.45,0.23049087
1570.475,0.22979423
1570.5,0.22909885
1570.525,0.22840473
1570.55,0.22771187
1570.575,0.22702027
1570.6,0.22632993
1570.625,0.22564086
1570.65,0.22495306
1570.675,0.22426652
1570.7,0.22358125
1570.725,0.22289725
1570.75,0.22221452
1570.775,0.22153306
1570.8,0.22085288
1570.825,0.22017397
1570.85,0.21949633
1570.875,0.21881997
1570.9,0.21814489
1570.925,0.21747109
1570.95,0.21679857
1570.975,0.21612733
1571.0,0.21545736
1571.025,0.21478868
1571.05,0.21412129
1571.075,0.21345518
1571.1,0.21279035
1571.125,0.21212681
1571.15,0.21146456
1571.175,0.2108036
1571.2,0.21014392
1571.225,0.20948553
1571.25,0.20882844
1571.275,0.20817263
1571.3,0.20751812
1571.325,0.2068649
1571.35,0.20621297
1571.375,0.20556234
1571.4,0.20491301
1571.425,0.20426496
1571.45,0.20361822
1571.475,0.20297277
1571.5,0.20232862
1571.525,0.20168577
1571.55,0.20104422
1571.575,0.20040397
1571.6,0.19976501
1571.625,0.19912736
1571.65,0.19849101
1571.675,0.19785596
1571.7,0.19722222
1571.725,0.19658977
1571.75,0.19595863
1571.775,0.1953288
1571.8,0.19470026
1571.825,0.19407304
1571.85,0.19344711
1571.875,0.1928225
1571.9,0.19219919
1571.925,0.19157718
1571.95,0.19095649
1571.975,0.1903371
1572.0,0.18971901
1572.025,0.18910224
1572.05,0.18848677
1572.075,0.18787261
1572.1,0.18725976
1572.125,0.18664822
1572.15,0.18603799
1572.175,0.18542907
1572.2,0.18482146
1572.225,0.18421515
1572.25,0.18361016
1572.275,0.18300648
1572.3,0.1824041
1572.325,0.18180304
1572.35,0.18120329
1572.375,0.18060485
1572.4,0.18000772
1572.425,0.1794119
1572.45,0.17881739
1572.475,0.17822419
1572.5,0.1776323
1572.525,0.17704173
1572.55,0.17645246
1572.575,0.17586451
1572.6,0.17527786
1572.625,0.17469253
1572.65,0.17410851
1572.675,0.1735258
1572.7,0.1729444
1572.725,0.17236431
1572.75,0.17178553
1572.775,0.17120806
1572.8,0.1706319
1572.825,0.17005705
1572.85,0.16948351
1572.875,0.16891128
1572.9,0.16834036
1572.925,0.16777075
1572.95,0.16720245
1572.975,0.16663546
1573.0,0.16606977
1573.025,0.1655054
1573.05,0.16494233
1573.075,0.16438057
1573.1,0.16382011
1573.125,0.16326097
1573.15,0.16270313
1573.175,0.1621466
1573.2,0.16159137
1573.225,0.16103745
1573.25,0.16048483
1573.275,0.15993352
1573.3,0.15938351
1573.325,0.15883481
1573.35,0.15828741
1573.375,0.15774132
1573.4,0.15719652
1573.425,0.15665303
1573.45,0.15611084
1573.475,0.15556996
1573.5,0.15503037
1573.525,0.15449208
1573.55,0.1539551
1573.575,0.15341941
1573.6,0.15288502
1573.625,0.15235193
1573.65,0.15182013
1573.675,0.15128963
1573.7,0.15076043
1573.725,0.15023253
1573.75,0.14970592
1573.775,0.1491806
1573.8,0.14865658
1573.825,0.14813384
1573.85,0.14761241
1573.875,0.14709226
1573.9,0.1465734
1573.925,0.14605584
1573.95,0.14553956
1573.975,0.14502457
1574.0,0.14451087
1574.025,0.14399846
1574.05,0.14348733
1574.075,0.14297749
1574.1,0.14246894
1574.125,0.14196166
1574.15,0.14145567
1574.175,0.14095097
1574.2,0.14044754
1574.225,0.1399454
1574.25,0.13944453
1574.275,0.13894494
1574.3,0.13844663
1574.325,0.1379496
1574.35,0.13745385
1574.375,0.13695936
1574.4,0.13646616
1574.425,0.13597422
1574.45,0.13548356
1574.475,0.13499417
1574.5,0.13450605
1574.525,0.1340192
1574.55,0.13353362
1574.575,0.1330493
1574.6,0.13256626
1574.625,0.13208447
1574.65,0.13160395
1574.675,0.1311247
1574.7,0.1306467
1574.725,0.13016997
1574.75,0.1296945
1574.775,0.12922029
1574.8,0.12874733
1574.825,0.12827563
1574.85,0.12780519
1574.875,0.127336
1574.9,0.12686806
1574.925,0.12640138
1574.95,0.12593594
1574.975,0.12547176
1575.0,0.12500883
1575.025,0.12454714
1575.05,0.1240867
1575.075,0.1236275
1575.1,0.12316955
1575.125,0.12271284
1575.15,0.12225737
1575.175,0.12180314
1575.2,0.12135015
1575.225,0.1208984
1575.25,0.12044789
1575.275,0.11999861
1575.3,0.11955056
1575.325,0.11910375
1575.35,0.11865816
1575.375,0.11821381
1575.4,0.11777068
1575.425,0.11732879
1575.45,0.11688811
1575.475,0.11644867
1575.5,0.11601044
1575.525,0.11557344
1575.55,0.11513766
1575.575,0.11470309
1575.6,0.11426975
1575.625,0.11383762
1575.65,0.1134067
1575.675,0.112977
1575.7,0.11254851
1575.725,0.11212123
1575.75,0.11169516
1575.775,0.1112703
1575.8,0.11084664
1575.825,0.11042419
1575.85,0.11000294
1575.875,0.1095829
1575.9,0.10916405
1575.925,0.1087464
1575.95,0.10832995
1575.975,0.1079147
1576.0,0.10750064
1576.025,0.10708777
1576.05,0.10667609
1576.075,0.1062656
1576.1,0.10585631
1576.125,0.10544819
1576.15,0.10504127
1576.175,0.10463552
1576.2,0.10423096
1576.225,0.10382758
1576.25,0.10342537
1576.275,0.10302435
1576.3,0.1026245
1576.325,0.10222582
1576.35,0.10182831
1576.375,0.10143198
1576.4,0.10103681
1576.425,0.10064281
1576.45,0.10024998
1576.475,0.09985831
1576.5,0.09946781
1576.525,0.09907846
1576.55,0.09869028
1576.575,0.09830325
1576.6,0.09791737
1576.625,0.09753265
1576.65,0.09714909
1576.675,0.09676667
1576.7,0.0963854
1576.725,0.09600528
1576.75,0.09562631
1576.775,0.09524848
1576.8,0.09487179
1576.825,0.09449624
1576.85,0.09412183
1576.875,0.09374855
1576.9,0.09337641
1576.925,0.09300541
1576.95,0.09263553
1576.975,0.09226679
1577.0,0.09189917
1577.025,0.09153268
1577.05,0.09116732
1577.075,0.09080307
1577.1,0.09043995
1577.125,0.09007795
1577.15,0.08971706
1577.175,0.08935729
1577.2,0.08899863
1577.225,0.08864109
1577.25,0.08828465
1577.275,0.08792933
1577.3,0.08757511
1577.325,0.08722199
1577.35,0.08686997
1577.375,0.08651906
1577.4,0.08616925
1577.425,0.08582053
1577.45,0.08547291
1577.475,0.08512638
1577.5,0.08478094
1577.525,0.08443659
1577.55,0.08409333
1577.575,0.08375115
1577.6,0.08341006
1577.625,0.08307005
1577.65,0.08273112
1577.675,0.08239327
1577.7,0.0820565
1577.725,0.0817208
1577.75,0.08138617
1577.775,0.08105261
1577.8,0.08072012
1577.825,0.0803887
1577.85,0.08005834
1577.875,0.07972905
1577.9,0.07940081
1577.925,0.07907364
1577.95,0.07874752
1577.975,0.07842246
1578.0,0.07809844
1578.025,0.07777549
1578.05,0.07745357
1578.075,0.07713271
1578.1,0.07681289
1578.125,0.07649412
1578.15,0.07617638
1578.175,0.07585969
1578.2,0.07554403
1578.225,0.07522941
1578.25,0.07491582
1578.275,0.07460326
1578.3,0.07429174
1578.325,0.07398124
1578.35,0.07367176
1578.375,0.07336331
1578.4,0.07305588
1578.425,0.07274946
1578.45,0.07244407
1578.475,0.07213969
1578.5,0.07183632
1578.525,0.07153397
1578.55,0.07123262
1578.575,0.07093229
1578.6,0.07063295
1578.625,0.07033462
1578.65,0.07003729
1578.675,0.06974096
1578.7,0.06944563
1578.725,0.06915129
1578.75,0.06885794
1578.775,0.06856559
1578.8,0.06827422
1578.825,0.06798384
1578.85,0.06769445
1578.875,0.06740604
1578.9,0.0671186
1578.925,0.06683215
1578.95,0.06654667
1578.975,0.06626217
1579.0,0.06597864
1579.025,0.06569608
1579.05,0.06541449
1579.075,0.06513387
1579.1,0.0648542
1579.125,0.0645755
1579.15,0.06429777
1579.175,0.06402098
1579.2,0.06374516
1579.225,0.06347029
1579.25,0.06319636
1579.275,0.06292339
1579.3,0.06265137
1579.325,0.06238029
1579.35,0.06211015
1579.375,0.06184096
1579.4,0.0615727
1579.425,0.06130539
1579.45,0.061039
1579.475,0.06077355
1579.5,0.06050903
1579.525,0.06024544
1579.55,0.05998277
1579.575,0.05972103
1579.6,0.05946021
1579.625,0.05920032
1579.65,0.05894134
1579.675,0.05868327
1579.7,0.05842612
1579.725,0.05816988
1579.75,0.05791455
1579.775,0.05766013
1579.8,0.05740661
1579.825,0.057154
1579.85,0.05690229
1579.875,0.05665147
1579.9,0.05640156
1579.925,0.05615254
1579.95,0.05590441
1579.975,0.05565717
1580.0,0.05541082
1580.025,0.05516536
1580.05,0.05492078
1580.075,0.05467708
1580.1,0.05443426
1580.125,0.05419233
1580.15,0.05395126
1580.175,0.05371107
1580.2,0.05347176
1580.225,0.05323331
1580.25,0.05299573
1580.275,0.05275901
1580.3,0.05252316
1580.325,0.05228817
1580.35,0.05205403
1580.375,0.05182076
1580.4,0.05158834
1580.425,0.05135677
1580.45,0.05112605
1580.475,0.05089618
1580.5,0.05066715
1580.525,0.05043897
1580.55,0.05021163
1580.575,0.04998514
1580.6,0.04975948
1580.625,0.04953465
1580.65,0.04931066
1580.675,0.0490875
1580.7,0.04886517
1580.725,0.04864366
1580.75,0.04842298
1580.775,0.04820313
1580.8,0.04798409
1580.825,0.04776588
1580.85,0.04754848
1580.875,0.04733189
1580.9,0.04711612
1580.925,0.04690115
1580.95,0.046687
1580.975,0.04647365
1581.0,0.0462611
1581.025,0.04604936
1581.05,0.04583842
1581.075,0.04562827
1581.1,0.04541892
1581.125,0.04521036
1581.15,0.04500259
1581.175,0.04479562
1581.2,0.04458943
1581.225,0.04438402
1581.25,0.0441794
1581.275,0.04397556
1581.3,0.04377249
1581.325,0.04357021
1581.35,0.0433687
1581.375,0.04316796
1581.4,0.04296799
1581.425,0.04276879
1581.45,0.04257035
1581.475,0.04237268
1581.5,0.04217577
1581.525,0.04197962
1581.55,0.04178423
1581.575,0.04158959
1581.6,0.04139571
1581.625,0.04120258
1581.65,0.0410102
1581.675,0.04081856
1581.7,0.04062767
1581.725,0.04043753
1581.75,0.04024812
1581.775,0.04005946
1581.8,0.03987153
1581.825,0.03968433
1581.85,0.03949787
1581.875,0.03931214
1581.9,0.03912714
1581.925,0.03894286
1581.95,0.03875931
1581.975,0.03857648
1582.0,0.03839438
1582.025,0.03821299
1582.05,0.03803231
1582.075,0.03785235
1582.1,0.03767311
1582.125,0.03749457
1582.15,0.03731674
1582.175,0.03713962
1582.2,0.0369632
1582.225,0.03678748
1582.25,0.03661247
1582.275,0.03643815
1582.3,0.03626452
1582.325,0.03609159
1582.35,0.03591936
1582.375,0.03574781
1582.4,0.03557695
1582.425,0.03540678
1582.45,0.03523729
1582.475,0.03506848
1582.5,0.03490035
1582.525,0.0347329
1582.55,0.03456612
1582.575,0.03440002
1582.6,0.03423459
1582.625,0.03406982
1582.65,0.03390573
1582.675,0.0337423
1582.7,0.03357954
1582.725,0.03341743
1582.75,0.03325599
1582.775,0.03309521
1582.8,0.03293507
1582.825,0.0327756
1582.85,0.03261677
1582.875,0.0324586
1582.9,0.03230107
1582.925,0.03214419
1582.95,0.03198795
1582.975,0.03183235
1583.0,0.03167739
1583.025,0.03152307
1583.05,0.03136939
1583.075,0.03121634
1583.1,0.03106392
1583.125,0.03091213
1583.15,0.03076097
1583.175,0.03061044
1583.2,0.03046053
1583.225,0.03031124
1583.25,0.03016257
1583.275,0.03001452
1583.3,0.02986709
1583.325,0.02972027
1583.35,0.02957406
1583.375,0.02942846
1583.4,0.02928348
1583.425,0.02913909
1583.45,0.02899532
1583.475,0.02885214
1583.5,0.02870957
1583.525,0.02856759
1583.55,0.02842622
1583.575,0.02828543
1583.6,0.02814525
1583.625,0.02800565
1583.65,0.02786664
1583.675,0.02772822
1583.7,0.02759038
1583.725,0.02745313
1583.75,0.02731646
1583.775,0.02718037
1583.8,0.02704485
1583.825,0.02690992
1583.85,0.02677556
1583.875,0.02664177
1583.9,0.02650855
1583.925,0.0263759
1583.95,0.02624381
1583.975,0.02611229
1584.0,0.02598134
1584.025,0.02585094
1584.05,0.0257211
1584.075,0.02559183
1584.1,0.0254631
1584.125,0.02533493
1584.15,0.02520732
1584.175,0.02508025
1584.2,0.02495373
1584.225,0.02482776
1584.25,0.02470233
1584.275,0.02457745
1584.3,0.0244531
1584.325,0.0243293
1584.35,0.02420603
1584.375,0.0240833
1584.4,0.0239611
1584.425,0.02383943
1584.45,0.0237183
1584.475,0.02359769
1584.5,0.02347761
1584.525,0.02335805
1584.55,0.02323902
1584.575,0.0231205
1584.6,0.02300251
1584.625,0.02288503
1584.65,0.02276807
1584.675,0.02265163
1584.7,0.02253569
1584.725,0.02242027
1584.75,0.02230535
1584.775,0.02219094
1584.8,0.02207704
1584.825,0.02196364
1584.85,0.02185074
1584.875,0.02173835
1584.9,0.02162645
1584.925,0.02151504
1584.95,0.02140413
1584.975,0.02129372
1585.0,0.02118379
1585.025,0.02107436
1585.05,0.02096541
1585.075,0.02085695
1585.1,0.02074897
1585.125,0.02064148
1585.15,0.02053447
1585.175,0.02042793
1585.2,0.02032188
1585.225,0.0202163
1585.25,0.02011119
1585.275,0.02000656
1585.3,0.01990239
1585.325,0.0197987
1585.35,0.01969547
1585.375,0.01959271
1585.4,0.01949041
1585.425,0.01938858
1585.45,0.01928721
1585.475,0.01918629
1585.5,0.01908584
1585.525,0.01898583
1585.55,0.01888629
1585.575,0.01878719
1585.6,0.01868855
1585.625,0.01859035
1585.65,0.01849261
1585.675,0.01839531
1585.7,0.01829845
1585.725,0.01820203
1585.75,0.01810606
1585.775,0.01801053
1585.8,0.01791543
1585.825,0.01782077
1585.85,0.01772655
1585.875,0.01763275
1585.9,0.01753939
1585.925,0.01744646
1585.95,0.01735396
1585.975,0.01726188
1586.0,0.01717023
1586.025,0.01707901
1586.05,0.0169882
1586.075,0.01689781
1586.1,0.01680785
1586.125,0.0167183
1586.15,0.01662916
1586.175,0.01654044
1586.2,0.01645214
1586.225,0.01636424
1586.25,0.01627675
1586.275,0.01618967
1586.3,0.016103
1586.325,0.01601673
1586.35,0.01593087
1586.375,0.0158454
1586.4,0.01576034
1586.425,0.01567568
1586.45,0.01559141
1586.475,0.01550754
1586.5,0.01542406
1586.525,0.01534098
1586.55,0.01525828
1586.575,0.01517598
1586.6,0.01509406
1586.625,0.01501253
1586.65,0.01493139
1586.675,0.01485063
1586.7,0.01477025
1586.725,0.01469025
1586.75,0.01461064
1586.775,0.0145314
1586.8,0.01445253
1586.825,0.01437404
1586.85,0.01429593
1586.875,0.01421818
1586.9,0.01414081
1586.925,0.0140638
1586.95,0.01398717
1586.975,0.0139109
1587.0,0.01383499
1587.025,0.01375945
1587.05,0.01368427
1587.075,0.01360945
1587.1,0.01353499
1587.125,0.01346088
1587.15,0.01338713
1587.175,0.01331374
1587.2,0.0132407
1587.225,0.01316801
1587.25,0.01309568
1587.275,0.01302369
1587.3,0.01295205
1587.325,0.01288076
1587.35,0.01280981
1587.375,0.01273921
1587.4,0.01266894
1587.425,0.01259902
1587.45,0.01252944
1587.475,0.0124602
1587.5,0.01239129
1587.525,0.01232272
1587.55,0.01225448
1587.575,0.01218658
1587.6,0.012119
1587.625,0.01205176
1587.65,0.01198485
1587.675,0.01191826
1587.7,0.011852
1587.725,0.01178607
1587.75,0.01172045
1587.775,0.01165516
1587.8,0.0115902
1587.825,0.01152555
1587.85,0.01146121
1587.875,0.0113972
1587.9,0.0113335
1587.925,0.01127012
1587.95,0.01120705
1587.975,0.01114429
1588.0,0.01108184
1588.025,0.0110197
1588.05,0.01095786
1588.075,0.01089634
1588.1,0.01083512
1588.125,0.0107742
1588.15,0.01071359
1588.175,0.01065328
1588.2,0.01059327
1588.225,0.01053356
1588.25,0.01047414
1588.275,0.01041502
1588.3,0.0103562
1588.325,0.01029767
1588.35,0.01023944
1588.375,0.01018149
1588.4,0.01012384
1588.425,0.01006648
1588.45,0.0100094
1588.475,0.00995261
1588.5,0.00989611
1588.525,0.00983989
1588.55,0.00978396
1588.575,0.0097283
1588.6,0.00967293
1588.625,0.00961783
1588.65,0.00956302
1588.675,0.00950848
1588.7,0.00945422
1588.725,0.00940023
1588.75,0.00934652
1588.775,0.00929308
1588.8,0.00923991
1588.825,0.00918701
1588.85,0.00913438
1588.875,0.00908202
1588.9,0.00902993
1588.925,0.0089781
1588.95,0.00892653
1588.975,0.00887523
1589.0,0.00882419
1589.025,0.00877341
1589.05,0.00872289
1589.075,0.00867263
1589.1,0.00862263
1589.125,0.00857289
1589.15,0.0085234
1589.175,0.00847416
1589.2,0.00842518
1589.225,0.00837645
1589.25,0.00832797
1589.275,0.00827974
1589.3,0.00823176
1589.325,0.00818403
1589.35,0.00813654
1589.375,0.0080893
1589.4,0.0080423
1589.425,0.00799555
1589.45,0.00794904
1589.475,0.00790277
1589.5,0.00785675
1589.525,0.00781096
1589.55,0.00776541
1589.575,0.00772009
1589.6,0.00767501
1589.625,0.00763017
1589.65,0.00758556
1589.675,0.00754119
1589.7,0.00749704
1589.725,0.00745313
1589.75,0.00740945
1589.775,0.00736599
1589.8,0.00732276
1589.825,0.00727976
1589.85,0.00723699
1589.875,0.00719444
1589.9,0.00715211
1589.925,0.00711001
1589.95,0.00706813
1589.975,0.00702647
1590.0,0.00698503
1590.025,0.00694381
1590.05,0.0069028
1590.075,0.00686201
1590.1,0.00682144
1590.125,0.00678108
1590.15,0.00674094
1590.175,0.00670101
1590.2,0.00666129
1590.225,0.00662178
1590.25,0.00658249
1590.275,0.0065434
1590.3,0.00650452
1590.325,0.00646584
1590.35,0.00642738
1590.375,0.00638911
1590.4,0.00635106
1590.425,0.0063132
1590.45,0.00627555
1590.475,0.0062381
1590.5,0.00620085
1590.525,0.0061638
1590.55,0.00612695
1590.575,0.00609029
1590.6,0.00605384
1590.625,0.00601757
1590.65,0.00598151
1590.675,0.00594564
1590.7,0.00590996
1590.725,0.00587447
1590.75,0.00583918
1590.775,0.00580407
1590.8,0.00576916
1590.825,0.00573443
1590.85,0.0056999
1590.875,0.00566555
1590.9,0.00563138
1590.925,0.0055974
1590.95,0.00556361
1590.975,0.00553
1591.0,0.00549657
1591.025,0.00546332
1591.05,0.00543026
1591.075,0.00539737
1591.1,0.00536467
1591.125,0.00533214
1591.15,0.00529979
1591.175,0.00526762
1591.2,0.00523562
1591.225,0.0052038
1591.25,0.00517215
1591.275,0.00514067
1591.3,0.00510937
1591.325,0.00507824
1591.35,0.00504728
1591.375,0.0050165
1591.4,0.00498588
1591.425,0.00495543
1591.45,0.00492514
1591.475,0.00489503
1591.5,0.00486508
1591.525,0.00483529
1591.55,0.00480567
1591.575,0.00477622
1591.6,0.00474692
1591.625,0.00471779
1591.65,0.00468882
1591.675,0.00466001
1591.7,0.00463137
1591.725,0.00460288
1591.75,0.00457454
1591.775,0.00454637
1591.8,0.00451835
1591.825,0.00449049
1591.85,0.00446279
1591.875,0.00443524
1591.9,0.00440784
1591.925,0.00438059
1591.95,0.0043535
1591.975,0.00432656
1592.0,0.00429977
1592.025,0.00427313
1592.05,0.00424664
1592.075,0.0042203
1592.1,0.00419411
1592.125,0.00416806
1592.15,0.00414216
1592.175,0.0041164
1592.2,0.0040908
1592.225,0.00406533
1592.25,0.00404001
1592.275,0.00401483
1592.3,0.00398979
1592.325,0.0039649
1592.35,0.00394014
1592.375,0.00391553
1592.4,0.00389105
1592.425,0.00386672
1592.45,0.00384252
1592.475,0.00381846
1592.5,0.00379453
1592.525,0.00377075
1592.55,0.00374709
1592.575,0.00372358
1592.6,0.00370019
1592.625,0.00367694
1592.65,0.00365382
1592.675,0.00363083
1592.7,0.00360798
1592.725,0.00358525
1592.75,0.00356266
1592.775,0.00354019
1592.8,0.00351786
1592.825,0.00349565
1592.85,0.00347357
1592.875,0.00345161
1592.9,0.00342978
1592.925,0.00340808
1592.95,0.0033865
1592.975,0.00336505
1593.0,0.00334372
1593.025,0.00332251
1593.05,0.00330142
1593.075,0.00328046
1593.1,0.00325962
1593.125,0.00323889
1593.15,0.00321829
1593.175,0.00319781
1593.2,0.00317744
1593.225,0.0031572
1593.25,0.00313707
1593.275,0.00311705
1593.3,0.00309716
1593.325,0.00307738
1593.35,0.00305771
1593.375,0.00303816
1593.4,0.00301872
1593.425,0.0029994
1593.45,0.00298019
1593.475,0.00296109
1593.5,0.0029421
1593.525,0.00292322
1593.55,0.00290446
1593.575,0.0028858
1593.6,0.00286725
1593.625,0.00284882
1593.65,0.00283048
1593.675,0.00281226
1593.7,0.00279415
1593.725,0.00277614
1593.75,0.00275823
1593.775,0.00274043
1593.8,0.00272274
1593.825,0.00270515
1593.85,0.00268767
1593.875,0.00267028
1593.9,0.002653
1593.925,0.00263582
1593.95,0.00261875
1593.975,0.00260177
1594.0,0.0025849
1594.025,0.00256812
1594.05,0.00255145
1594.075,0.00253487
1594.1,0.00251839
1594.125,0.00250201
1594.15,0.00248573
1594.175,0.00246954
1594.2,0.00245345
1594.225,0.00243746
1594.25,0.00242156
1594.275,0.00240576
1594.3,0.00239005
1594.325,0.00237443
1594.35,0.00235891
1594.375,0.00234348
1594.4,0.00232814
1594.425,0.0023129
1594.45,0.00229774
1594.475,0.00228268
1594.5,0.00226771
1594.525,0.00225282
1594.55,0.00223803
1594.575,0.00222332
1594.6,0.00220871
1594.625,0.00219418
1594.65,0.00217974
1594.675,0.00216539
1594.7,0.00215112
1594.725,0.00213694
1594.75,0.00212284
1594.775,0.00210883
1594.8,0.00209491
1594.825,0.00208106
1594.85,0.00206731
1594.875,0.00205363
1594.9,0.00204004
1594.925,0.00202653
1594.95,0.00201311
1594.975,0.00199976
1595.0,0.0019865
1595.025,0.00197331
1595.05,0.00196021
1595.075,0.00194719
1595.1,0.00193424
1595.125,0.00192138
1595.15,0.00190859
1595.175,0.00189588
1595.2,0.00188325
1595.225,0.0018707
1595.25,0.00185822
1595.275,0.00184582
1595.3,0.0018335
1595.325,0.00182125
1595.35,0.00180907
1595.375,0.00179697
1595.4,0.00178495
1595.425,0.001773
1595.45,0.00176112
1595.475,0.00174932
1595.5,0.00173759
1595.525,0.00172593
1595.55,0.00171434
1595.575,0.00170282
1595.6,0.00169138
1595.625,0.00168
1595.65,0.0016687
1595.675,0.00165747
1595.7,0.0016463
1595.725,0.00163521
1595.75,0.00162418
1595.775,0.00161322
1595.8,0.00160233
1595.825,0.00159151
1595.85,0.00158076
1595.875,0.00157007
1595.9,0.00155945
1595.925,0.00154889
1595.95,0.0015384
1595.975,0.00152798
1596.0,0.00151762
1596.025,0.00150732
1596.05,0.00149709
1596.075,0.00148693
1596.1,0.00147682
1596.125,0.00146678
1596.15,0.00145681
1596.175,0.00144689
1596.2,0.00143704
1596.225,0.00142725
1596.25,0.00141752
1596.275,0.00140785
1596.3,0.00139825
1596.325,0.0013887
1596.35,0.00137921
1596.375,0.00136979
1596.4,0.00136042
1596.425,0.00135111
1596.45,0.00134186
1596.475,0.00133267
1596.5,0.00132354
1596.525,0.00131446
1596.55,0.00130544
1596.575,0.00129648
1596.6,0.00128758
1596.625,0.00127873
1596.65,0.00126994
1596.675,0.0012612
1596.7,0.00125252
1596.725,0.0012439
1596.75,0.00123533
1596.775,0.00122681
1596.8,0.00121835
1596.825,0.00120994
1596.85,0.00120159
1596.875,0.00119329
1596.9,0.00118504
1596.925,0.00117684
1596.95,0.0011687
1596.975,0.00116061
1597.0,0.00115257
1597.025,0.00114458
1597.05,0.00113665
1597.075,0.00112876
1597.1,0.00112092
1597.125,0.00111314
1597.15,0.0011054
1597.175,0.00109772
1597.2,0.00109008
1597.225,0.0010825
1597.25,0.00107496
1597.275,0.00106747
1597.3,0.00106003
1597.325,0.00105264
1597.35,0.00104529
1597.375,0.00103799
1597.4,0.00103074
1597.425,0.00102354
1597.45,0.00101638
1597.475,0.00100927
1597.5,0.0010022
1597.525,0.00099518
1597.55,0.00098821
1597.575,0.00098128
1597.6,0.0009744
1597.625,0.00096756
1597.65,0.00096077
1597.675,0.00095401
1597.7,0.00094731
1597.725,0.00094065
1597.75,0.00093403
1597.775,0.00092745
1597.8,0.00092092
1597.825,0.00091443
1597.85,0.00090798
1597.875,0.00090157
1597.9,0.00089521
1597.925,0.00088889
1597.95,0.00088261
1597.975,0.00087637
1598.0,0.00087017
1598.025,0.00086401
1598.05,0.00085789
1598.075,0.00085181
1598.1,0.00084577
1598.125,0.00083978
1598.15,0.00083382
1598.175,0.0008279
1598.2,0.00082202
1598.225,0.00081618
1598.25,0.00081037
1598.275,0.00080461
1598.3,0.00079888
1598.325,0.00079319
1598.35,0.00078754
1598.375,0.00078193
1598.4,0.00077635
1598.425,0.00077081
1598.45,0.0007653
1598.475,0.00075984
1598.5,0.00075441
1598.525,0.00074901
1598.55,0.00074365
1598.575,0.00073833
1598.6,0.00073304
1598.625,0.00072779
1598.65,0.00072257
1598.675,0.00071739
1598.7,0.00071224
1598.725,0.00070713
1598.75,0.00070205
1598.775,0.000697
1598.8,0.00069199
1598.825,0.00068701
1598.85,0.00068207
1598.875,0.00067715
1598.9,0.00067227
1598.925,0.00066743
1598.95,0.00066261
1598.975,0.00065783
1599.0,0.00065308
1599.025,0.00064836
1599.05,0.00064368
1599.075,0.00063902
1599.1,0.0006344
1599.125,0.00062981
1599.15,0.00062525
1599.175,0.00062071
1599.2,0.00061621
1599.225,0.00061174
1599.25,0.00060731
1599.275,0.0006029
1599.3,0.00059852
1599.325,0.00059417
1599.35,0.00058985
1599.375,0.00058555
1599.4,0.00058129
1599.425,0.00057706
1599.45,0.00057285
1599.475,0.00056868
1599.5,0.00056453
1599.525,0.00056041
1599.55,0.00055632
1599.575,0.00055225
1599.6,0.00054822
1599.625,0.00054421
1599.65,0.00054023
1599.675,0.00053627
1599.7,0.00053235
1599.725,0.00052845
1599.75,0.00052457
1599.775,0.00052072
1599.8,0.0005169
1599.825,0.00051311
1599.85,0.00050934
1599.875,0.0005056
1599.9,0.00050188
1599.925,0.00049819
1599.95,0.00049452
1599.975,0.00049088
1600.0,0.00048726
