temperature_C,phase_shift_rad
10.0,-0.15
10.05,-0.1495
10.1,-0.149
10.15,-0.1485
10.2,-0.148
10.25,-0.1475
10.3,-0.147
10.35,-0.1465
10.4,-0.146
10.45,-0.1455
10.5,-0.145
10.55,-0.1445
10.6,-0.144
10.65,-0.1435
10.7,-0.143
10.75,-0.1425
10.8,-0.142
10.85,-0.1415
10.9,-0.141
10.95,-0.1405
11.0,-0.14
11.05,-0.1395
11.1,-0.139
11.15,-0.1385
11.2,-0.138
11.25,-0.1375
11.3,-0.137
11.35,-0.1365
11.4,-0.136
11.45,-0.1355
11.5,-0.135
11.55,-0.1345
11.6,-0.134
11.65,-0.1335
11.7,-0.133
11.75,-0.1325
11.8,-0.132
11.85,-0.1315
11.9,-0.131
11.95,-0.1305
12.0,-0.13
12.05,-0.1295
12.1,-0.129
12.15,-0.1285
12.2,-0.128
12.25,-0.1275
12.3,-0.127
12.35,-0.1265
12.4,-0.126
12.45,-0.1255
12.5,-0.125
12.55,-0.1245
12.6,-0.124
12.65,-0.1235
12.7,-0.123
12.75,-0.1225
12.8,-0.122
12.85,-0.1215
12.9,-0.121
12.95,-0.1205
13.0,-0.12
13.05,-0.1195
13.1,-0.119
13.15,-0.1185
13.2,-0.118
13.25,-0.1175
13.3,-0.117
13.35,-0.1165
13.4,-0.116
13.45,-0.1155
13.5,-0.115
13.55,-0.1145
13.6,-0.114
13.65,-0.1135
13.7,-0.113
13.75,-0.1125
13.8,-0.112
13.85,-0.1115
13.9,-0.111
13.95,-0.1105
14.0,-0.11
14.05,-0.1095
14.1,-0.109
14.15,-0.1085
14.2,-0.108
14.25,-0.1075
14.3,-0.107
14.35,-0.1065
14.4,-0.106
14.45,-0.1055
14.5,-0.105
14.55,-0.1045
14.6,-0.104
14.65,-0.1035
14.7,-0.103
14.75,-0.1025
14.8,-0.102
14.85,-0.1015
14.9,-0.101
14.95,-0.1005
15.0,-0.1
15.05,-0.0995
15.1,-0.099
15.15,-0.0985
15.2,-0.098
15.25,-0.0975
15.3,-0.097
15.35,-0.0965
15.4,-0.096
15.45,-0.0955
15.5,-0.095
15.55,-0.0945
15.6,-0.094
15.65,-0.0935
15.7,-0.093
15.75,-0.0925
15.8,-0.092
15.85,-0.0915
15.9,-0.091
15.95,-0.0905
16.0,-0.09
16.05,-0.0895
16.1,-0.089
16.15,-0.0885
16.2,-0.088
16.25,-0.0875
16.3,-0.087
16.35,-0.0865
16.4,-0.086
16.45,-0.0855
16.5,-0.085
16.55,-0.0845
16.6,-0.084
16.65,-0.0835
16.7,-0.083
16.75,-0.0825
16.8,-0.082
16.85,-0.0815
16.9,-0.081
16.95,-0.0805
17.0,-0.08
17.05,-0.0795
17.1,-0.079
17.15,-0.0785
17.2,-0.078
17.25,-0.0775
17.3,-0.077
17.35,-0.0765
17.4,-0.076
17.45,-0.0755
17.5,-0.075
17.55,-0.0745
17.6,-0.074
17.65,-0.0735
17.7,-0.073
17.75,-0.0725
17.8,-0.072
17.85,-0.0715
17.9,-0.071
17.95,-0.0705
18.0,-0.07
18.05,-0.0695
18.1,-0.069
18.15,-0.0685
18.2,-0.068
18.25,-0.0675
18.3,-0.067
18.35,-0.0665
18.4,-0.066
18.45,-0.0655
18.5,-0.065
18.55,-0.0645
18.6,-0.064
18.65,-0.0635
18.7,-0.063
18.75,-0.0625
18.8,-0.062
18.85,-0.0615
18.9,-0.061
18.95,-0.0605
19.0,-0.06
19.05,-0.0595
19.1,-0.059
19.15,-0.0585
19.2,-0.058
19.25,-0.0575
19.3,-0.057
19.35,-0.0565
19.4,-0.056
19.45,-0.0555
19.5,-0.055
19.55,-0.0545
19.6,-0.054
19.65,-0.0535
19.7,-0.053
19.75,-0.0525
19.8,-0.052
19.85,-0.0515
19.9,-0.051
19.95,-0.0505
20.0,-0.05
20.05,-0.0495
20.1,-0.049
20.15,-0.0485
20.2,-0.048
20.25,-0.0475
20.3,-0.047
20.35,-0.0465
20.4,-0.046
20.45,-0.0455
20.5,-0.045
20.55,-0.0445
20.6,-0.044
20.65,-0.0435
20.7,-0.043
20.75,-0.0425
20.8,-0.042
20.85,-0.0415
20.9,-0.041
20.95,-0.0405
21.0,-0.04
21.05,-0.0395
21.1,-0.039
21.15,-0.0385
21.2,-0.038
21.25,-0.0375
21.3,-0.037
21.35,-0.0365
21.4,-0.036
21.45,-0.0355
21.5,-0.035
21.55,-0.0345
21.6,-0.034
21.65,-0.0335
21.7,-0.033
21.75,-0.0325
21.8,-0.032
21.85,-0.0315
21.9,-0.031
21.95,-0.0305
22.0,-0.03
22.05,-0.0295
22.1,-0.029
22.15,-0.0285
22.2,-0.028
22.25,-0.0275
22.3,-0.027
22.35,-0.0265
22.4,-0.026
22.45,-0.0255
22.5,-0.025
22.55,-0.0245
22.6,-0.024
22.65,-0.0235
22.7,-0.023
22.75,-0.0225
22.8,-0.022
22.85,-0.0215
22.9,-0.021
22.95,-0.0205
23.0,-0.02
23.05,-0.0195
23.1,-0.019
23.15,-0.0185
23.2,-0.018
23.25,-0.0175
23.3,-0.017
23.35,-0.0165
23.4,-0.016
23.45,-0.0155
23.5,-0.015
23.55,-0.0145
23.6,-0.014
23.65,-0.0135
23.7,-0.013
23.75,-0.0125
23.8,-0.012
23.85,-0.0115
23.9,-0.011
23.95,-0.0105
24.0,-0.01
24.05,-0.0095
24.1,-0.009
24.15,-0.0085
24.2,-0.008
24.25,-0.0075
24.3,-0.007
24.35,-0.0065
24.4,-0.006
24.45,-0.0055
24.5,-0.005
24.55,-0.0045
24.6,-0.004
24.65,-0.0035
24.7,-0.003
24.75,-0.0025
24.8,-0.002
24.85,-0.0015
24.9,-0.001
24.95,-0.0005
25.0,0.0
25.05,0.0005
25.1,0.001
25.15,0.0015
25.2,0.002
25.25,0.0025
25.3,0.003
25.35,0.0035
25.4,0.004
25.45,0.0045
25.5,0.005
25.55,0.0055
25.6,0.006
25.65,0.0065
25.7,0.007
25.75,0.0075
25.8,0.008
25.85,0.0085
25.9,0.009
25.95,0.0095
26.0,0.01
26.05,0.0105
26.1,0.011
26.15,0.0115
26.2,0.012
26.25,0.0125
26.3,0.013
26.35,0.0135
26.4,0.014
26.45,0.0145
26.5,0.015
26.55,0.0155
26.6,0.016
26.65,0.0165
26.7,0.017
26.75,0.0175
26.8,0.018
26.85,0.0185
26.9,0.019
26.95,0.0195
27.0,0.02
27.05,0.0205
27.1,0.021
27.15,0.0215
27.2,0.022
27.25,0.0225
27.3,0.023
27.35,0.0235
27.4,0.024
27.45,0.0245
27.5,0.025
27.55,0.0255
27.6,0.026
27.65,0.0265
27.7,0.027
27.75,0.0275
27.8,0.028
27.85,0.0285
27.9,0.029
27.95,0.0295
28.0,0.03
28.05,0.0305
28.1,0.031
28.15,0.0315
28.2,0.032
28.25,0.0325
28.3,0.033
28.35,0.0335
28.4,0.034
28.45,0.0345
28.5,0.035
28.55,0.0355
28.6,0.036
28.65,0.0365
28.7,0.037
28.75,0.0375
28.8,0.038
28.85,0.0385
28.9,0.039
28.95,0.0395
29.0,0.04
29.05,0.0405
29.1,0.041
29.15,0.0415
29.2,0.042
29.25,0.0425
29.3,0.043
29.35,0.0435
29.4,0.044
29.45,0.0445
29.5,0.045
29.55,0.0455
29.6,0.046
29.65,0.0465
29.7,0.047
29.75,0.0475
29.8,0.048
29.85,0.0485
29.9,0.049
29.95,0.0495
30.0,0.05
30.05,0.0505
30.1,0.051
30.15,0.0515
30.2,0.052
30.25,0.0525
30.3,0.053
30.35,0.0535
30.4,0.054
30.45,0.0545
30.5,0.055
30.55,0.0555
30.6,0.056
30.65,0.0565
30.7,0.057
30.75,0.0575
30.8,0.058
30.85,0.0585
30.9,0.059
30.95,0.0595
31.0,0.06
31.05,0.0605
31.1,0.061
31.15,0.0615
31.2,0.062
31.25,0.0625
31.3,0.063
31.35,0.0635
31.4,0.064
31.45,0.0645
31.5,0.065
31.55,0.0655
31.6,0.066
31.65,0.0665
31.7,0.067
31.75,0.0675
31.8,0.068
31.85,0.0685
31.9,0.069
31.95,0.0695
32.0,0.07
32.05,0.0705
32.1,0.071
32.15,0.0715
32.2,0.072
32.25,0.0725
32.3,0.073
32.35,0.0735
32.4,0.074
32.45,0.0745
32.5,0.075
32.55,0.0755
32.6,0.076
32.65,0.0765
32.7,0.077
32.75,0.0775
32.8,0.078
32.85,0.0785
32.9,0.079
32.95,0.0795
33.0,0.08
33.05,0.0805
33.1,0.081
33.15,0.0815
33.2,0.082
33.25,0.0825
33.3,0.083
33.35,0.0835
33.4,0.084
33.45,0.0845
33.5,0.085
33.55,0.0855
33.6,0.086
33.65,0.0865
33.7,0.087
33.75,0.0875
33.8,0.088
33.85,0.0885
33.9,0.089
33.95,0.0895
34.0,0.09
34.05,0.0905
34.1,0.091
34.15,0.0915
34.2,0.092
34.25,0.0925
34.3,0.093
34.35,0.0935
34.4,0.094
34.45,0.0945
34.5,0.095
34.55,0.0955
34.6,0.096
34.65,0.0965
34.7,0.097
34.75,0.0975
34.8,0.098
34.85,0.0985
34.9,0.099
34.95,0.0995
35.0,0.1
35.05,0.1005
35.1,0.101
35.15,0.1015
35.2,0.102
35.25,0.1025
35.3,0.103
35.35,0.1035
35.4,0.104
35.45,0.1045
35.5,0.105
35.55,0.1055
35.6,0.106
35.65,0.1065
35.7,0.107
35.75,0.1075
35.8,0.108
35.85,0.1085
35.9,0.109
35.95,0.1095
36.0,0.11
36.05,0.1105
36.1,0.111
36.15,0.1115
36.2,0.112
36.25,0.1125
36.3,0.113
36.35,0.1135
36.4,0.114
36.45,0.1145
36.5,0.115
36.55,0.1155
36.6,0.116
36.65,0.1165
36.7,0.117
36.75,0.1175
36.8,0.118
36.85,0.1185
36.9,0.119
36.95,0.1195
37.0,0.12
37.05,0.1205
37.1,0.121
37.15,0.1215
37.2,0.122
37.25,0.1225
37.3,0.123
37.35,0.1235
37.4,0.124
37.45,0.1245
37.5,0.125
37.55,0.1255
37.6,0.126
37.65,0.1265
37.7,0.127
37.75,0.1275
37.8,0.128
37.85,0.1285
37.9,0.129
37.95,0.1295
38.0,0.13
38.05,0.1305
38.1,0.131
38.15,0.1315
38.2,0.132
38.25,0.1325
38.3,0.133
38.35,0.1335
38.4,0.134
38.45,0.1345
38.5,0.135
38.55,0.1355
38.6,0.136
38.65,0.1365
38.7,0.137
38.75,0.1375
38.8,0.138
38.85,0.1385
38.9,0.139
38.95,0.1395
39.0,0.14
39.05,0.1405
39.1,0.141
39.15,0.1415
39.2,0.142
39.25,0.1425
39.3,0.143
39.35,0.1435
39.4,0.144
39.45,0.1445
39.5,0.145
39.55,0.1455
39.6,0.146
39.65,0.1465
39.7,0.147
39.75,0.1475
39.8,0.148
39.85,0.1485
39.9,0.149
39.95,0.1495
40.0,0.15
40.05,0.1505
40.1,0.151
40.15,0.1515
40.2,0.152
40.25,0.1525
40.3,0.153
40.35,0.1535
40.4,0.154
40.45,0.1545
40.5,0.155
40.55,0.1555
40.6,0.156
40.65,0.1565
40.7,0.157
40.75,0.1575
40.8,0.158
40.85,0.1585
40.9,0.159
40.95,0.1595
41.0,0.16
41.05,0.1605
41.1,0.161
41.15,0.1615
41.2,0.162
41.25,0.1625
41.3,0.163
41.35,0.1635
41.4,0.164
41.45,0.1645
41.5,0.165
41.55,0.1655
41.6,0.166
41.65,0.1665
41.7,0.167
41.75,0.1675
41.8,0.168
41.85,0.1685
41.9,0.169
41.95,0.1695
42.0,0.17
42.05,0.1705
42.1,0.171
42.15,0.1715
42.2,0.172
42.25,0.1725
42.3,0.173
42.35,0.1735
42.4,0.174
42.45,0.1745
42.5,0.175
42.55,0.1755
42.6,0.176
42.65,0.1765
42.7,0.177
42.75,0.1775
42.8,0.178
42.85,0.1785
42.9,0.179
42.95,0.1795
43.0,0.18
43.05,0.1805
43.1,0.181
43.15,0.1815
43.2,0.182
43.25,0.1825
43.3,0.183
43.35,0.1835
43.4,0.184
43.45,0.1845
43.5,0.185
43.55,0.1855
43.6,0.186
43.65,0.1865
43.7,0.187
43.75,0.1875
43.8,0.188
43.85,0.1885
43.9,0.189
43.95,0.1895
44.0,0.19
44.05,0.1905
44.1,0.191
44.15,0.1915
44.2,0.192
44.25,0.1925
44.3,0.193
44.35,0.1935
44.4,0.194
44.45,0.1945
44.5,0.195
44.55,0.1955
44.6,0.196
44.65,0.1965
44.7,0.197
44.75,0.1975
44.8,0.198
44.85,0.1985
44.9,0.199
44.95,0.1995
45.0,0.2
45.05,0.2005
45.1,0.201
45.15,0.2015
45.2,0.202
45.25,0.2025
45.3,0.203
45.35,0.2035
45.4,0.204
45.45,0.2045
45.5,0.205
45.55,0.2055
45.6,0.206
45.65,0.2065
45.7,0.207
45.75,0.2075
45.8,0.208
45.85,0.2085
45.9,0.209
45.95,0.2095
46.0,0.21
46.05,0.2105
46.1,0.211
46.15,0.2115
46.2,0.212
46.25,0.2125
46.3,0.213
46.35,0.2135
46.4,0.214
46.45,0.2145
46.5,0.215
46.55,0.2155
46.6,0.216
46.65,0.2165
46.7,0.217
46.75,0.2175
46.8,0.218
46.85,0.2185
46.9,0.219
46.95,0.2195
47.0,0.22
47.05,0.2205
47.1,0.221
47.15,0.2215
47.2,0.222
47.25,0.2225
47.3,0.223
47.35,0.2235
47.4,0.224
47.45,0.2245
47.5,0.225
47.55,0.2255
47.6,0.226
47.65,0.2265
47.7,0.227
47.75,0.2275
47.8,0.228
47.85,0.2285
47.9,0.229
47.95,0.2295
48.0,0.23
48.05,0.2305
48.1,0.231
48.15,0.2315
48.2,0.232
48.25,0.2325
48.3,0.233
48.35,0.2335
48.4,0.234
48.45,0.2345
48.5,0.235
48.55,0.2355
48.6,0.236
48.65,0.2365
48.7,0.237
48.75,0.2375
48.8,0.238
48.85,0.2385
48.9,0.239
48.95,0.2395
49.0,0.24
49.05,0.2405
49.1,0.241
49.15,0.2415
49.2,0.242
49.25,0.2425
49.3,0.243
49.35,0.2435
49.4,0.244
49.45,0.2445
49.5,0.245
49.55,0.2455
49.6,0.246
49.65,0.2465
49.7,0.247
49.75,0.2475
49.8,0.248
49.85,0.2485
49.9,0.249
49.95,0.2495
50.0,0.25
50.05,0.2505
50.1,0.251
50.15,0.2515
50.2,0.252
50.25,0.2525
50.3,0.253
50.35,0.2535
50.4,0.254
50.45,0.2545
50.5,0.255
50.55,0.2555
50.6,0.256
50.65,0.2565
50.7,0.257
50.75,0.2575
50.8,0.258
50.85,0.2585
50.9,0.259
50.95,0.2595
51.0,0.26
51.05,0.2605
51.1,0.261
51.15,0.2615
51.2,0.262
51.25,0.2625
51.3,0.263
51.35,0.2635
51.4,0.264
51.45,0.2645
51.5,0.265
51.55,0.2655
51.6,0.266
51.65,0.2665
51.7,0.267
51.75,0.2675
51.8,0.268
51.85,0.2685
51.9,0.269
51.95,0.2695
52.0,0.27
52.05,0.2705
52.1,0.271
52.15,0.2715
52.2,0.272
52.25,0.2725
52.3,0.273
52.35,0.2735
52.4,0.274
52.45,0.2745
52.5,0.275
52.55,0.2755
52.6,0.276
52.65,0.2765
52.7,0.277
52.75,0.2775
52.8,0.278
52.85,0.2785
52.9,0.279
52.95,0.2795
53.0,0.28
53.05,0.2805
53.1,0.281
53.15,0.2815
53.2,0.282
53.25,0.2825
53.3,0.283
53.35,0.2835
53.4,0.284
53.45,0.2845
53.5,0.285
53.55,0.2855
53.6,0.286
53.65,0.2865
53.7,0.287
53.75,0.2875
53.8,0.288
53.85,0.2885
53.9,0.289
53.95,0.2895
54.0,0.29
54.05,0.2905
54.1,0.291
54.15,0.2915
54.2,0.292
54.25,0.2925
54.3,0.293
54.35,0.2935
54.4,0.294
54.45,0.2945
54.5,0.295
54.55,0.2955
54.6,0.296
54.65,0.2965
54.7,0.297
54.75,0.2975
54.8,0.298
54.85,0.2985
54.9,0.299
54.95,0.2995
55.0,0.3
55.05,0.3005
55.1,0.301
55.15,0.3015
55.2,0.302
55.25,0.3025
55.3,0.303
55.35,0.3035
55.4,0.304
55.45,0.3045
55.5,0.305
55.55,0.3055
55.6,0.306
55.65,0.3065
55.7,0.307
55.75,0.3075
55.8,0.308
55.85,0.3085
55.9,0.309
55.95,0.3095
56.0,0.31
56.05,0.3105
56.1,0.311
56.15,0.3115
56.2,0.312
56.25,0.3125
56.3,0.313
56.35,0.3135
56.4,0.314
56.45,0.3145
56.5,0.315
56.55,0.3155
56.6,0.316
56.65,0.3165
56.7,0.317
56.75,0.3175
56.8,0.318
56.85,0.3185
56.9,0.319
56.95,0.3195
57.0,0.32
57.05,0.3205
57.1,0.321
57.15,0.3215
57.2,0.322
57.25,0.3225
57.3,0.323
57.35,0.3235
57.4,0.324
57.45,0.3245
57.5,0.325
57.55,0.3255
57.6,0.326
57.65,0.3265
57.7,0.327
57.75,0.3275
57.8,0.328
57.85,0.3285
57.9,0.329
57.95,0.3295
58.0,0.33
58.05,0.3305
58.1,0.331
58.15,0.3315
58.2,0.332
58.25,0.3325
58.3,0.333
58.35,0.3335
58.4,0.334
58.45,0.3345
58.5,0.335
58.55,0.3355
58.6,0.336
58.65,0.3365
58.7,0.337
58.75,0.3375
58.8,0.338
58.85,0.3385
58.9,0.339
58.95,0.3395
59.0,0.34
59.05,0.3405
59.1,0.341
59.15,0.3415
59.2,0.342
59.25,0.3425
59.3,0.343
59.35,0.3435
59.4,0.344
59.45,0.3445
59.5,0.345
59.55,0.3455
59.6,0.346
59.65,0.3465
59.7,0.347
59.75,0.3475
59.8,0.348
59.85,0.3485
59.9,0.349
59.95,0.3495
60.0,0.35
60.05,0.3505
60.1,0.351
60.15,0.3515
60.2,0.352
60.25,0.3525
60.3,0.353
60.35,0.3535
60.4,0.354
60.45,0.3545
60.5,0.355
60.55,0.3555
60.6,0.356
60.65,0.3565
60.7,0.357
60.75,0.3575
60.8,0.358
60.85,0.3585
60.9,0.359
60.95,0.3595
61.0,0.36
61.05,0.3605
61.1,0.361
61.15,0.3615
61.2,0.362
61.25,0.3625
61.3,0.363
61.35,0.3635
61.4,0.364
61.45,0.3645
61.5,0.365
61.55,0.3655
61.6,0.366
61.65,0.3665
61.7,0.367
61.75,0.3675
61.8,0.368
61.85,0.3685
61.9,0.369
61.95,0.3695
62.0,0.37
62.05,0.3705
62.1,0.371
62.15,0.3715
62.2,0.372
62.25,0.3725
62.3,0.373
62.35,0.3735
62.4,0.374
62.45,0.3745
62.5,0.375
62.55,0.3755
62.6,0.376
62.65,0.3765
62.7,0.377
62.75,0.3775
62.8,0.378
62.85,0.3785
62.9,0.379
62.95,0.3795
63.0,0.38
63.05,0.3805
63.1,0.381
63.15,0.3815
63.2,0.382
63.25,0.3825
63.3,0.383
63.35,0.3835
63.4,0.384
63.45,0.3845
63.5,0.385
63.55,0.3855
63.6,0.386
63.65,0.3865
63.7,0.387
63.75,0.3875
63.8,0.388
63.85,0.3885
63.9,0.389
63.95,0.3895
64.0,0.39
64.05,0.3905
64.1,0.391
64.15,0.3915
64.2,0.392
64.25,0.3925
64.3,0.393
64.35,0.3935
64.4,0.394
64.45,0.3945
64.5,0.395
64.55,0.3955
64.6,0.396
64.65,0.3965
64.7,0.397
64.75,0.3975
64.8,0.398
64.85,0.3985
64.9,0.399
64.95,0.3995
65.0,0.4
65.05,0.4005
65.1,0.401
65.15,0.4015
65.2,0.402
65.25,0.4025
65.3,0.403
65.35,0.4035
65.4,0.404
65.45,0.4045
65.5,0.405
65.55,0.4055
65.6,0.406
65.65,0.4065
65.7,0.407
65.75,0.4075
65.8,0.408
65.85,0.4085
65.9,0.409
65.95,0.4095
66.0,0.41
66.05,0.4105
66.1,0.411
66.15,0.4115
66.2,0.412
66.25,0.4125
66.3,0.413
66.35,0.4135
66.4,0.414
66.45,0.4145
66.5,0.415
66.55,0.4155
66.6,0.416
66.65,0.4165
66.7,0.417
66.75,0.4175
66.8,0.418
66.85,0.4185
66.9,0.419
66.95,0.4195
67.0,0.42
67.05,0.4205
67.1,0.421
67.15,0.4215
67.2,0.422
67.25,0.4225
67.3,0.423
67.35,0.4235
67.4,0.424
67.45,0.4245
67.5,0.425
67.55,0.4255
67.6,0.426
67.65,0.4265
67.7,0.427
67.75,0.4275
67.8,0.428
67.85,0.4285
67.9,0.429
67.95,0.4295
68.0,0.43
68.05,0.4305
68.1,0.431
68.15,0.4315
68.2,0.432
68.25,0.4325
68.3,0.433
68.35,0.4335
68.4,0.434
68.45,0.4345
68.5,0.435
68.55,0.4355
68.6,0.436
68.65,0.4365
68.7,0.437
68.75,0.4375
68.8,0.438
68.85,0.4385
68.9,0.439
68.95,0.4395
69.0,0.44
69.05,0.4405
69.1,0.441
69.15,0.4415
69.2,0.442
69.25,0.4425
69.3,0.443
69.35,0.4435
69.4,0.444
69.45,0.4445
69.5,0.445
69.55,0.4455
69.6,0.446
69.65,0.4465
69.7,0.447
69.75,0.4475
69.8,0.448
69.85,0.4485
69.9,0.449
69.95,0.4495
70.0,0.45
